user_id,first_name,last_name,address,city,phone,email,username,password
0,Rebbecca,Didio,171 E 24th St,Leith,03-8174-9123,rebbecca.didio@didio.com.au,tslad0,eJ3)z=&CnNLh&J
1,Stevie,Hallo,22222 Acoma St,Proston,07-9997-3366,stevie.hallo@hotmail.com,iarmour1,yV9}&WIs}g
2,Mariko,Stayer,534 Schoenborn St #51,Hamel,08-5558-9019,mariko_stayer@hotmail.com,dmandre2,aX5.)1ha
3,Gerardo,Woodka,69206 Jackson Ave,Talmalmo,02-6044-4682,gerardo_woodka@hotmail.com,kcrighton3,nL8@eBjxv
4,Mayra,Bena,808 Glen Cove Ave,Lane Cove,02-1455-6085,mayra.bena@gmail.com,pbeernaert4,"wO5""H~K?,uyq>HJ"
5,Idella,Scotland,373 Lafayette St,Cartmeticup,08-7868-1355,idella@hotmail.com,ajesse5,jT1%)DzcKQF\VRu
6,Sherill,Klar,87 Sylvan Ave,Nyamup,08-6522-8931,sklar@hotmail.com,hcupitt6,eZ5.VDfJ)CR}5U
7,Ena,Desjardiws,60562 Ky Rt 321,Bendick Murrell,02-5226-9402,ena_desjardiws@desjardiws.com.au,shrishchenko7,gW9/s66WgbV}aOb
8,Vince,Siena,70 S 18th Pl,Purrawunda,07-3184-9989,vince_siena@yahoo.com,dzoephel8,kE2/07(O.'u#c
9,Theron,Jarding,8839 Ventura Blvd,Blanchetown,08-6890-4661,tjarding@hotmail.com,acottier9,qS6?/|qOM@Cqp
10,Amira,Chudej,3684 N Wacker Dr,Rockside,07-8135-3271,amira.chudej@chudej.net.au,bjeannauda,"yO1""=Jxjw"
11,Marica,Tarbor,68828 S 32nd St #6,Rosegarland,03-1174-6817,marica.tarbor@hotmail.com,srawlcliffeb,cW1(2Gm5~kH
12,Shawna,Albrough,43157 Cypress St,Ringwood,07-7977-6039,shawna.albrough@albrough.com.au,aestrellac,qM1)49#0j7HfJt
13,Paulina,Maker,6 S Hanover Ave,Maylands,08-8344-8929,paulina_maker@maker.net.au,rbibeyd,jP1&%|f|W(5~
14,Rose,Jebb,27916 Tarrytown Rd,Wooloowin,07-4941-9471,rose@jebb.net.au,pjackline,cN9(@mRBy/aT_*x
15,Reita,Tabar,79620 Timber Dr,Arthurville,02-3518-7078,rtabar@hotmail.com,nhairyesf,lT0+2K3w.}rEtF?
16,Maybelle,Bewley,387 Airway Cir #62,Mapleton,07-9387-7293,mbewley@yahoo.com,jgagang,kQ5'L`*r4~Dz5yx
17,Camellia,Pylant,570 W Pine St,Tuggerawong,02-5171-4345,camellia_pylant@gmail.com,rsummersonh,tL6@}'~L|E
18,Roy,Nybo,823 Fishers Ln,Red Hill,02-5311-7778,rnybo@nybo.net.au,tthewsi,fD5\30o4a<CUxnL%
19,Albert,Sonier,4 Brookcrest Dr #7786,Inverlaw,07-9354-2612,albert.sonier@gmail.com,ptimsonj,kS9_Us&D1y`mU
20,Hayley,Taghon,72 Wyoming Ave,Eugowra,02-1638-4380,htaghon@taghon.net.au,adenisckek,"vE5""4|os+"
21,Norah,Daleo,754 Sammis Ave,Kotara Fair,02-5322-6127,ndaleo@daleo.net.au,fviggarsl,cN7*ap#<b+R9xZSb
22,Rosina,Sidhu,660 N Green St,Burpengary,07-6460-4488,rosina_sidhu@gmail.com,coxerm,uG9_AV~g7j
23,Royal,Costeira,970 Waterloo Rd,Ellis Beach,07-5338-6357,royal_costeira@costeira.com.au,aroopern,bI8*R9U7mD2u*(#O
24,Barrie,Nicley,4129 Abbott Dr,Fish Creek,03-6443-2786,bnicley@nicley.com.au,hteresao,aJ8|~<A@GBC
25,Linsey,Gedman,1529 Prince Rodgers Ave,Kennedy,07-4785-3781,lgedman@gedman.net.au,lburtwellp,fZ8@0)}J
26,Laura,Bourbonnais,2 N Valley Mills Dr,Cape Portland,03-6543-6688,laura.bourbonnais@yahoo.com,gfaithfullq,hO1~XpHrq
27,Fanny,Stoneking,50968 Kurtz St #45,Warra,07-3721-9123,fstoneking@hotmail.com,bvigerr,"fR0""""lE2vM'6\"
28,Kristian,Ellerbusch,71585 S Ayon Ave #9,Wanguri,08-2748-1250,kristian@yahoo.com,huwinss,rK9<<V}uO#
29,Gwen,Julye,8 Old County Rd #3,Alvie,03-7063-6734,gjulye@hotmail.com,challattt,oM1/U</{bL.f
30,Ben,Majorga,13904 S 35th St,Wherrol Flat,02-8171-9051,ben.majorga@hotmail.com,asalanu,zH2.a\{J&f
31,Trina,Oto,6149 Kapiolani Blvd #6,Placid Hills,07-1153-8567,trina@oto.com.au,irucklessev,iF0\*5}3PN30z?@
32,Emelda,Geffers,95431 34th Ave #62,Nedlands,08-7097-3947,emelda.geffers@gmail.com,amatchesw,"aL4""L~g=PYPh"
33,Zana,Ploszaj,25 Swift Ave,Auchenflower,07-7991-8880,zana_ploszaj@ploszaj.net.au,csemarkex,gK4)@3MLAIg?`M
34,Shaun,Rael,14304 Old Alexandria Ferry Rd,Buninyong,03-8998-5485,shaun.rael@rael.com.au,sbraceyy,"lC0""`5P<"
35,Oren,Lobosco,1585 Salem Church Rd #59,Dangar Island,02-5046-1307,olobosco@hotmail.com,jeagellz,uD3<kwhK%+A3W3E
36,Catherin,Aguele,75962 E Drinker St,Sunny Nook,07-6476-1399,caguele@gmail.com,rbishopp10,qM4$HawfzN5{<Zq
37,Pearlene,Boudrie,8978 W Henrietta Rd,Minden,07-4463-7223,pboudrie@boudrie.net.au,cbeveredge11,aV6~'+d'/
38,Kathryn,Bonalumi,86 Worth St #272,Tibradden,08-3071-2258,kathryn.bonalumi@yahoo.com,bstation12,iC2+@~19R%K
39,Suzan,Landa,15 Campville Rd #191,Clermont,07-1576-1412,suzan.landa@gmail.com,hquestier13,fC6*2g}%h
40,Sommer,Agar,3 N Ridge Ave,Kadina,08-9130-3372,sagar@agar.net.au,hraeburn14,bK7_h\5fHQ%
41,Keena,Rebich,3713 Poway Rd,Sawtell,02-4972-3570,krebich@rebich.net.au,obaudassi15,tV6|2aV#_p1BoEoQ
42,Rupert,Hinkson,1 E 17th St,East Gosford,02-7160-2066,rupert_hinkson@hinkson.net.au,fabrahami16,sA1|cLadGV)
43,Aleta,Poarch,5 Liberty Ave,Fosterville,03-2691-1298,apoarch@gmail.com,tdelagnes17,pC6{G_D7X`
44,Jamal,Korczynski,404 Broxton Ave,Bateau Bay,02-3877-9654,jamal_korczynski@gmail.com,bquarrell18,"iV4?%,{3cW"
45,Luz,Broccoli,4 S Main St #285,Glenmoral,07-2679-1774,luz_broccoli@hotmail.com,aengledow19,vJ7~pV5<S4
46,Janessa,Ruthers,1255 W Passaic St #1553,Bolivia,02-2367-6845,janessa@yahoo.com,mmarchington1a,"pT5{3)|\,"
47,Lavonne,Esco,377 Excalibur Dr,East Melbourne,03-3474-2120,lavonne.esco@yahoo.com,amckerron1b,"pA0)ZETR""M=f"
48,Honey,Lymaster,7 Wilshire Blvd,Taringa,07-8087-2603,honey_lymaster@lymaster.net.au,eheyns1c,"cI5@yD2,"
49,Jean,Cecchinato,7 Hugh Wallis Rd,Koolan Island,08-5263-2786,jean.cecchinato@gmail.com,amacilriach1d,yR9%l<QybzN9@I+
50,Katlyn,Flitcroft,7177 E 14th St,Maleny,07-1778-9968,kflitcroft@hotmail.com,bandrich1e,"eZ4,1A5Gi"
51,Cassie,Soros,67765 W 11th St,Yelverton,08-2666-6390,csoros@gmail.com,mrouby1f,rH4/LA\I_(dK
52,Rolf,Gene,99968 Merced St #79,Flinders,02-4458-2810,rolf_gene@gene.com.au,bklosterman1g,mM4?R0rXz3P
53,Darnell,Moothart,40 E 19th Ave,Empire Bay,02-3996-9188,darnell_moothart@yahoo.com,ecausier1h,mZ3&gFNf
54,Cherilyn,Fraize,84826 Plaza Dr,Rose Bay North,02-4873-1914,cherilyn_fraize@fraize.net.au,acrottagh1i,"bX2*?,0>16BY4$"
55,Lynda,Lazzaro,20214 W Main St,Macks Creek,03-4933-4205,lynda.lazzaro@gmail.com,gbruhnicke1j,lE4{aZOfYfDG
56,Leigha,Capelli,8039 Howard Ave,East Toowoomba,07-4823-9785,leigha.capelli@capelli.com.au,fhenighan1k,oH8}Jo<_mm+45C
57,Delfina,Binnie,8 Austin Bluffs Pky,Bimbijy,08-3692-5784,delfina_binnie@binnie.net.au,bronnay1l,vL9+D_5oLC4i}H
58,Carlota,Gephardt,96605 Pioneer Rd,Kundabung,02-5078-4389,carlota.gephardt@gephardt.com.au,bcritten1m,zE1}wfT}AV4R/*
59,Alida,Helger,6 Hope Rd #10,Pinnacle,07-1642-3251,alida@helger.com.au,dsievewright1n,tN9#z)0$_</W
60,Donte,Resureccion,65898 E St Nw,Watsonville,07-2373-6048,donte.resureccion@yahoo.com,pseago1o,oP9%`c8X
61,Lou,Kriner,39 Broad St,Seaforth,02-7328-3350,lou.kriner@hotmail.com,apredohl1p,vB5\tEL#
62,Dortha,Vrieze,654 Seguine Ave,White Hills,03-1981-6209,dortha@vrieze.net.au,rchalfont1q,"tM6~2ly}kk,0A*K@"
63,Genevive,Sanborn,78 31st St,Bellangry,02-6246-5711,genevive@hotmail.com,csimmins1r,lI7>rp>0
64,Alease,Strawbridge,35673 Annapolis Rd #190,Ascot,07-3760-1546,alease_strawbridge@strawbridge.com.au,akeppin1s,mO6.qOlMMm
65,Veda,Mishkin,98247 Russell Blvd,Stafford Heights,07-6034-2422,veda.mishkin@mishkin.com.au,pmatton1t,nT0)8.tsH
66,Craig,Vandersloot,3 S Willow St #82,Bygalorie,02-5487-7528,craig_vandersloot@yahoo.com,pciccoloi1u,xE7|uuj<}cj=jPay
67,Lauran,Tovmasyan,199 Maple Ave,Boolaroo,02-2546-5344,ltovmasyan@tovmasyan.net.au,kcrosfeld1v,gS6/~b2q@
68,Aaron,Kloska,423 S Navajo St #56,Brookhill,07-9896-4827,aaron_kloska@kloska.net.au,bnapthine1w,kK6<kgX~Xl6
69,Francene,Skursky,5 30w W #3083,Hillston,02-5941-3178,francene.skursky@skursky.net.au,lseedman1x,kW2)Sal7m9(}2k
70,Zena,Daria,57245 W Union Blvd #25,Ivanhoe East,03-2822-8156,zdaria@gmail.com,escales1y,dF8{3Jo8m{s2&o
71,Brigette,Breckenstein,971 Northwest Blvd,Caniambo,03-5722-3451,brigette@breckenstein.com.au,mwoodruffe1z,aF7#lOIY$zOOe\R
72,Jeniffer,Jezek,1089 Pacific Coast Hwy,Myrniong,03-3268-5102,jeniffer@gmail.com,gdiehn20,cU9*Zume
73,Selma,Elm,6787 Emerson St,Woolamai,03-9183-9493,selm@elm.net.au,lniven21,hO5|6>jBn1Um|H&
74,Elenora,Handler,8 Middletown Blvd #708,Wardering,08-5671-3318,ehandler@yahoo.com,prawlins22,iN1_Z?C~|FyF+N0
75,Nadine,Okojie,56 Tank Farm Rd,Kukerin,08-9746-2341,nadine.okojie@okojie.com.au,aeefting23,oC7}q~5'y!mG5k1
76,Kristin,Shiflet,503 Fulford Ave,Somers,03-4529-7210,kristin@hotmail.com,fcluelow24,"aY9}"">""qIyZHAal"
77,Melinda,Fellhauer,8275 Calle De Industrias,Wayatinah,03-4387-3800,melinda_fellhauer@fellhauer.com.au,lillesley25,"kH4.)EJ1,#no+'4B"
78,Kirby,Litherland,92 South St,Alligator Creek,07-5284-3845,kirby.litherland@hotmail.com,shammerstone26,vA5!IJ0c.(g*@w
79,Kent,Ivans,56710 Euclid Ave,Camp Mountain,07-8661-4016,kent_ivans@yahoo.com,chollingdale27,zL2_cmJ7cN#=m}4
80,Dan,Platz,5210 E Airy St #2,Brandy Creek,07-4306-1623,dan_platz@hotmail.com,vmaccarrane28,qM5/*/1|KQ<c5)m
81,Millie,Pirkl,31 Schuyler Ave,Sovereign Hill,03-6023-2680,millie_pirkl@gmail.com,adast29,uO5/&Lol_!Z
82,Moira,Qadir,661 Plummer St #963,Arno Bay,08-7687-4883,moira.qadir@gmail.com,dnosworthy2a,kT5$6mSeT)+8
83,Reta,Qazi,1351 Simpson St,Maffra,03-1974-9948,reta.qazi@yahoo.com,borht2b,jZ9@@Q1b
84,Brittney,Lolley,2391 Pacific Blvd,Ulverstone,03-4072-7094,brittney@lolley.net.au,tkempe2c,uW2_'}jzjVcJjLF
85,Leandro,Bolka,1886 2nd Ave,Wattle Hill,03-8157-4609,leandro_bolka@hotmail.com,kchrystie2d,jM1<y_O1?UGS
86,Edison,Sumera,52404 S Clinton Ave,Bower,08-9114-1763,edison.sumera@sumera.net.au,oluetchford2e,qU9)SdG{vg
87,Breana,Cassi,405 W Lee St,Stonehaven,03-2305-8627,breana@yahoo.com,dnorcop2f,kO2(aI`6MEy
88,Jarvis,Nicols,5656 N Fiesta Blvd,East Newdegate,08-2117-5217,jarvis@gmail.com,grodgers2g,"aK1>LK9J,AT"
89,Felicitas,Orlinski,9 Beverly Rd #5,Emerald,03-2451-1896,felicitas_orlinski@orlinski.com.au,acalliss2h,sP6.Vf.D3QVow
90,Geraldine,Neisius,96 Armitage Ave,Katunga,03-8243-2999,geraldine@gmail.com,fbeyne2i,nA8.){_Qb
91,Alfred,Pacleb,523 N Prince St,Willunga,08-9450-7978,alfred@pacleb.net.au,ncouling2j,kM4=*0){w0%xyt>a
92,Leatha,Block,6926 Orange Ave,Two Rocks,08-7635-8350,leatha_block@gmail.com,acoddrington2k,dR7'vf5Y
93,Jacquelyne,Rosso,6940 Prospect Pl,Caldwell,02-4565-6425,jacquelyne.rosso@yahoo.com,bheritege2l,lF8}Y'{{*g3f
94,Jonelle,Epps,52347 San Fernando Rd,Coppabella,07-8085-8351,jepps@hotmail.com,hryles2m,cN6?=meD\4'$w
95,Rosamond,Amlin,5399 Mcwhorter Rd,Calala,02-8007-5034,rosamond.amlin@gmail.com,dstiffkins2n,"sR5""_g+lWl2A@"
96,Johnson,Mcenery,7 Hall St,Nambucca Heads,02-1718-4983,johnson@gmail.com,fshelmerdine2o,"iR1""7A/Q6Z6=p"
97,Elliot,Scatton,5 W Allen St,Mccullys Gap,02-3647-9507,elliot.scatton@hotmail.com,shandrik2p,"lW6~#(RB?j,v!bx!"
98,Gerri,Perra,15126 Goldenwest St,Toowoomba South,07-6019-7861,gerri@yahoo.com,ocaulfield2q,pX0~(t>?nOM}{Xp
99,Rosendo,Jelsma,94 I 55s S,Applecross,08-7712-4785,rosendo_jelsma@hotmail.com,pspink2r,bA0}tZ'1._9My~a
100,Eveline,Brickhouse,288 N 168th Ave #266,Camberwell West,03-9517-9800,eveline@yahoo.com,msowthcote2s,sL7?@be\zsTiH%t
101,Laurene,Bennett,5 Richmond Ct,North Perth,08-2969-2908,laurene_bennett@gmail.com,ysnawdon2t,tY1`#c?T>7M5+
102,Tegan,Ebershoff,28 Aaronwood Ave Ne,Coombell,02-6604-9720,tegan_ebershoff@hotmail.com,magnew2u,nU6}#+I9\@{'VQ7h
103,Tracie,Huro,39701 6th Ave #1485,Pacific Heights,07-1951-6787,thuro@gmail.com,gdoone2v,"uB6<'IA1'""Uvdz"
104,Mertie,Kazeck,35662 S University Blvd,Guildford,08-5475-6162,mertie.kazeck@kazeck.com.au,aborres2w,eD4~)!kC%du1Xl\.
105,Clare,Bortignon,73 Dennison St #70,Herron,08-9256-6135,clare_bortignon@hotmail.com,gblackstock2x,uY4/H8x/
106,Rebeca,Baley,9591 Bayshore Rd #637,Mirrool,02-7049-7728,rebeca_baley@hotmail.com,rgillion2y,kN0{M<ql+V
107,Nilsa,Pawell,57 N Weinbach Ave,Bundaberg West,07-8997-8513,npawell@pawell.net.au,dsmye2z,"oI8*,TQYTpPb3d=K"
108,Samuel,Arellanes,286 Santa Rosa Ave,Lane Cove,02-7995-6787,samuel.arellanes@arellanes.net.au,shorsley30,wV2'<t=HL`'G53P
109,Ivette,Servantes,446 Woodward Ave #1,Reservoir,03-9801-9429,ivette_servantes@servantes.com.au,wsudlow31,"rF5""P1,o&gp.T."
110,Merrilee,Fajen,1 Jenks Ave,Upper Kedron,07-9104-1459,merrilee@fajen.net.au,tpannaman32,cA8|Ke/{!+ucvz
111,Gianna,Eilers,7 Valley Blvd,Buchan,03-4328-5253,gianna@yahoo.com,kbrashier33,"uC5$5#,GD%Y0l=/~"
112,Hyman,Phinazee,42741 Anania Dr,Beltana,08-5756-9456,hphinazee@yahoo.com,kattwood34,"lI6&/S6Zi""9i9"
113,Buck,Pascucci,5 Shakespeare Ave,Kingswood,08-9279-1731,buck@yahoo.com,aocoskerry35,"dN2~#$,R"
114,Kenny,Leicht,245 5th Ave,Nicholls Rivulet,03-6240-8274,kenny@leicht.com.au,pteare36,nM0\+f|cDUu
115,Tabetha,Bai,2 Gateway Ctr,Upper Mount Gravatt,07-6813-6477,tabetha.bai@gmail.com,eyule37,"iM5,Yn4#kD8(I_"
116,Alonso,Popper,3175 Northwestern Hwy,Ridgley,03-7036-7071,alonso_popper@hotmail.com,gcreeber38,dN3|hyK1
117,Alonzo,Polek,8 S Plaza Dr,Tubbut,03-2403-7167,alonzo_polek@polek.net.au,krendbaek39,mF6'3TN%W'%*
118,Son,Magnotta,8 Collins Ave,Collingullie,02-2376-7653,son.magnotta@magnotta.net.au,ggeistmann3a,"cZ8=eKVu7=nDxVG,"
119,Jesusita,Druck,9526 Lincoln St,Munno Para,08-3605-3943,jesusita@druck.net.au,rpirdy3b,"cF0%&0@A,9B"
120,Annice,Kunich,406 E 4th St,Tyagarah,02-6769-6153,annice_kunich@kunich.net.au,mdiwell3c,gF4)DZp2=XB
121,Delila,Buchman,361 Via Colinas,Redgate,08-1791-7668,delila.buchman@hotmail.com,vgulliford3d,jX0)cA6pa
122,Iraida,Sionesini,94 S Jefferson Rd,Modewarre,03-4812-5654,iraida.sionesini@yahoo.com,cpennone3e,eN5?WJNb=s$S1*j
123,Alona,Driesenga,8961 S Central Expy,Stirling Range National Park,08-6777-4159,alona_driesenga@hotmail.com,fhabben3f,aG9)uMFl
124,Lajuana,Vonderahe,7 Wiley Post Way,Trowutta,03-5661-2424,lajuana.vonderahe@yahoo.com,sbroster3g,gV5&opBKI3vN@a
125,Madelyn,Maestri,60 S 4th St,Rouse Hill,02-2129-8131,madelyn.maestri@yahoo.com,sanwyl3h,hX0+y}n_Qj
126,Louann,Susmilch,6 Lafayette St #3034,Wyandra,07-5035-4889,louann_susmilch@yahoo.com,jraden3i,"yY2,$""Q$<{vt"
127,William,Devol,35 Jefferson Ave,Goondi Hill,07-4963-5297,wdevol@devol.net.au,lastill3j,cJ0_BMOwsoqtu
128,Corazon,Grafenstein,3492 88th St,Hill River,08-1624-7236,cgrafenstein@gmail.com,cdillinton3k,uM0<gT#dg<K(WPR
129,Fairy,Burket,20 Sw 28th Ter,Fairview Park,08-9159-7562,fairy_burket@burket.com.au,cdabourne3l,eA0&FzsH\$
130,Lashawn,Urion,6 Argyle Rd,Bar Beach,02-4794-6673,lurion@yahoo.com,wtuffrey3m,kI8.v0_b!WM9J@JK
131,Ronald,Gayner,438 E Reynolds Rd #239,University Of Tasmania,03-7734-9557,rgayner@hotmail.com,pharford3n,aU9+`1klB16
132,Shizue,Hayduk,47 Hall St,Regent West,03-2297-9891,shayduk@gmail.com,dhellyer3o,lG3?bWj5i6pDHG2g
133,Nida,Fitz,17720 Beach Blvd,Oxley,07-7445-2572,nfitz@hotmail.com,gkinze3p,"cU7""tk!$o8Nh"
134,Amos,Limberg,8 2nd St,Don,03-4539-9131,alimberg@limberg.com.au,smesser3q,qE1~e6dAia
135,Dexter,Prosienski,490 Court St,Nyora,03-2454-6523,dexter@prosienski.net.au,gdollard3r,kB2=dBM6PXh
136,Ludivina,Calamarino,1456 Hill Rd,Croydon,07-5378-4498,lcalamarino@yahoo.com,geseler3s,"oG8#rY6#,3zPd|F"
137,Ariel,Stavely,6 7th St,Scottsdale,03-6510-4788,ariel_stavely@stavely.com.au,droofe3t,"jP1*?u2Ry,j"
138,Haley,Vaughn,29 Nottingham Way #926,Montrose,03-7035-6484,haley_vaughn@vaughn.net.au,apentony3u,yY8(wh%MVfW
139,Raelene,Legeyt,8818 Century Park E #33,Oak Park,03-4878-1766,raelene@gmail.com,omcpharlain3v,bC0*3sq(gP}9h)
140,Micaela,Shiflett,4 Commerce Center Dr,Nailsworth,08-8856-8589,micaela_shiflett@shiflett.com.au,stroillet3w,"jL0<OGgl&,SQt"
141,Alpha,Prudhomme,979 S La Cienega Blvd #627,Tarong,07-9053-8045,aprudhomme@hotmail.com,dmelliard3x,"gN1""c%CH~"
142,Zack,Warman,9181 E 26th St,Kensington Park,08-9948-2940,zwarman@gmail.com,rheard3y,yR8.7%)>vP
143,Wilford,Pata,8855 North Ave,Ashmore,07-7445-2538,wilford_pata@pata.net.au,cduesbury3z,vY8~r~ST?@
144,Carman,Robasciotti,4 Spinning Wheel Ln,Granya,03-1570-9956,carman_robasciotti@hotmail.com,nlagden40,uR1>R\n3$0
145,Carylon,Bayot,5905 S 32nd St,Alexandra,03-8858-7088,carylon@gmail.com,tyounghusband41,fG2'kZ~u.db3Pan)
146,Gladys,Schmale,514 Glenn Way,Wirrulla,08-4564-2338,gschmale@schmale.net.au,jcoot42,"sF3>b>DSG7""@"
147,Matilda,Peleg,708 S Wilson Way,Weymouth,03-1130-5685,matilda.peleg@hotmail.com,mmedmore43,mH5*c2#8Zt
148,Jacklyn,Wojnar,16949 Harristown Rd,Summer Hill,02-6287-8787,jacklyn@hotmail.com,hcleland44,sZ0.W6ge~R
149,Tashia,Charney,9 13th Ave S,Shailer Park,07-7659-5711,tashia.charney@charney.net.au,cscini45,tF7${{_x
150,Dorian,Eischens,1 Rock Island Rd #8,Bell,02-7739-6600,deischens@gmail.com,cjakubovits46,eW8'h3PF(1+
151,Jesus,Merkt,1554 Bracken Crk,Licola,03-9341-9757,jesus_merkt@merkt.net.au,jatwell47,"dR1@YAjIK)8B,"
152,Brandee,Svoboda,7 10th St W,Walyormouring,08-3614-5966,brandee_svoboda@svoboda.net.au,tshalders48,kJ1/k8sCrm`la
153,Edda,Mcquaide,9 Cron Hill Dr,Boronia,03-1465-8645,emcquaide@yahoo.com,jcaltun49,"jI6~coCb""$b?v5"
154,Felix,Bumby,82 Tremont St #4,Baddaginnie,03-1431-3996,felix.bumby@bumby.com.au,lmckinna4a,nC4$ruFAeh2>
155,Ben,Kellman,30024 Whipple Ave Nw,Berrilee,02-7968-9243,ben_kellman@kellman.net.au,cmaccoll4b,"dZ4}j(m!E_FD8t""N"
156,Mickie,Upton,900 W Wood St,Barmaryee,07-7647-5420,mickie.upton@yahoo.com,skilday4c,"nE0,zdPB(!x<.*T"
157,Phung,Krome,847 Norristown Rd,Longford,03-9617-5392,pkrome@yahoo.com,opetcher4d,vI4\N<N(vD
158,Lashonda,Langanke,667 S Highland Dr #4,Simson,03-9838-7533,lashonda@langanke.net.au,gortzen4e,"fS2#KYL+G"""
159,Patria,Popa,21 W 2nd St,Killabakh,02-6522-3993,patria.popa@gmail.com,swinfindale4f,"gV5""(VG\({GsJB"
160,Nidia,Horr,2 W Henrietta Rd #6,Paluma,07-8441-8214,nidia@gmail.com,nswaffield4g,"oH2?,ziuGHR?U"
161,Skye,Culcasi,82655 Shawnee Mission Pky #5798,Barnawartha,03-9075-3104,skye_culcasi@hotmail.com,mglewe4h,"nK0.HkuG"""
162,Kanisha,Reyelts,9 Taylor Ave,Holwell,03-2921-8418,kreyelts@yahoo.com,bbart4i,wV9.ofVHk1
163,Hector,Barras,62 J St #450,Combienbar,03-3017-8394,hector.barras@barras.com.au,hpasterfield4j,kF1(40}MR!m
164,Stefan,Mongolo,2 Pennington St,Port Adelaide,08-4563-6214,stefan_mongolo@mongolo.net.au,eburfitt4k,vL7*#3$jIW>Dc
165,Francoise,Byon,5496 Ne Columbia Blvd,Klemzig,08-3914-9404,francoise@hotmail.com,lbarrowcliff4l,jW0'qe&'+4$
166,Lindy,Vandermeer,4244 Lucas Creek Rd,Emu Park,07-9407-9202,lindy@vandermeer.com.au,mdunsmore4m,uB5&Uq%K2'yV.N
167,Arthur,Diniz,79819 Palmetto Ave,Travancore,03-2517-3453,arthur@gmail.com,nbuckenham4n,jX3=rN?<*hR
168,Nicholle,Hulme,7 N Glenn Rd,Whetstone,07-7144-4719,nicholle_hulme@hulme.com.au,jummfrey4o,gG9\A6L<
169,Tijuana,Mesch,61 Center St #8,Corella,07-1415-9307,tijuana_mesch@gmail.com,klynes4p,"bB3,Jg{OU"
170,Lorenza,Schoenleber,562 Nw Cornell Rd,Humpty Doo,08-8081-7779,lorenza.schoenleber@schoenleber.com.au,rschroder4q,qL8.WXKN`q34
171,Iola,Baird,48 General George Patton Dr #8611,Goode Beach,08-2325-5905,ibaird@baird.net.au,glewsam4r,"wJ7,.6rV"
172,Sang,Weigner,9 W Passaic St,Heidelberg Rgh,03-8912-5755,sweigner@gmail.com,lwemyss4s,tY0$6?p+M
173,Leonor,Prez,968 Delaware Ave,Waterloo,02-7463-8776,lprez@prez.com.au,kjowle4t,lI4+=PfA
174,Silvana,Whelpley,548 Charmonie Ln,Minyip,03-5175-6193,swhelpley@yahoo.com,mmusgrave4u,kY4@%L8T}xGGqB
175,Anthony,Stever,91114 Grand Ave,Hunchy,07-7092-8542,anthony.stever@hotmail.com,cgirardini4v,aQ6)jXJV
176,Wenona,Carmel,44 Bush St,Grosvenor Place,02-2832-1545,wenona@gmail.com,cmcane4w,zP4@@/`S!oqM
177,Isadora,Yurick,6 Mahler Rd,Pacific Paradise,07-9595-6042,iyurick@hotmail.com,ewhittlesea4x,wI8'C_Xyqj
178,Mose,Vonseggern,1 E Main St,Hungerford,07-5769-8004,mose_vonseggern@hotmail.com,dtregust4y,yC9.ZlBMcqnCcrNW
179,Marci,Aveline,58 State St #998,Boya,08-3342-3889,marci.aveline@hotmail.com,ppresley4z,"xZ5,G\N?t_7"
180,Michel,Hoyne,11408 Green St,Elizabeth West,08-6183-9260,michel@hoyne.com.au,wlambal50,qN1.sI&}@7260<o
181,Stephania,Connon,297 8th Ave S #9,Gumly Gumly,02-5725-5992,stephania.connon@connon.com.au,mgrindrod51,cV1}rFh7PA
182,Charolette,Turk,1 Wyckoff Ave,Wilmington,08-4735-5054,cturk@yahoo.com,bsaltmarsh52,dR4_l3utY_q
183,Katie,Magro,8 E North Ave,Pagewood,02-7265-9702,katie_magro@gmail.com,dpetrichat53,qM6~+~U'>8X.)S
184,Inocencia,Angeron,13386 Tamarco Dr #20,Tawonga,03-6268-2647,inocencia.angeron@angeron.net.au,ndrei54,iD8=nz}H|#J7=o
185,Nikita,Novosel,70 W Market St #20,Hamlyn Heights,03-5716-1053,nikita_novosel@novosel.net.au,tgouldthorp55,sE0!Jgb0T1\ARwU
186,Malcolm,Gohlke,53247 Montgomery St #36,Southtown,07-9826-3950,malcolm@yahoo.com,aboxer56,lP9~@#t>u7_M
187,Desiree,Englund,9495 Central Hwy #66,East Bowes,08-5289-4594,denglund@gmail.com,cmoline57,"rV8/'8JDM2A,=d"
188,Holley,Worland,2 Route 9,Blue Haven,02-9885-9593,holley.worland@hotmail.com,voldroyde58,qP6/n<IP\nfURV
189,Maryann,Tates,75700 Academy Rd,Cramphorne,08-1520-4093,mtates@yahoo.com,hkleeborn59,oU8@l2dNrFgl?
190,Ling,Dibello,6 Monte Ave,Beelbi Creek,07-1330-6750,ling_dibello@yahoo.com,ggoodered5a,pK7{n)|o
191,Hailey,Kopet,5 France Ave S,Tanbar,07-3799-1667,hailey_kopet@kopet.com.au,lidenden5b,nG0?t\b?AW\&5
192,Farrah,Malboeuf,803 Tupper Ln,Ringwood,03-7139-6376,farrah@malboeuf.com.au,wrealff5c,"iA9)+IW/4pG""bA"
193,Candra,Deritis,43 Nolan St,Battery Point,03-4231-3633,candra@deritis.net.au,amatejka5d,dW5&iA/V?@5
194,Reuben,Hegland,6 W 39th St,Milton,02-1402-5215,reuben@yahoo.com,ccasewell5e,gI7#CkHbLLG
195,Anglea,Andrion,910 21st St,Laura,07-3239-2830,anglea.andrion@andrion.com.au,mflintuff5f,hR8|fuw|f_VL
196,Paris,Tuccio,2677 S Jackson St,Kidman Park,08-8868-2010,paris.tuccio@hotmail.com,ffirby5g,"lF9"")cX_~9>u|RdN"
197,Latricia,Schmoyer,6 Central Ave #4,Woodville,08-5444-3296,latricia_schmoyer@hotmail.com,jmackin5h,cF8!NN)6wN?0X
198,Jeffrey,Leuenberger,564 Almeria Ave #7474,Pedler Creek,08-1267-4421,jleuenberger@yahoo.com,ahackin5i,bU8=2|F\
199,Dean,Vollstedt,4 Grand St,Muckleford South,03-6776-1146,dvollstedt@vollstedt.com.au,jastlett5j,kA2%gcI*4
200,Deane,Haag,9 Hamilton Blvd #299,Sydney South,02-9718-2944,dhaag@hotmail.com,dpetit5k,zI3~q1')TB%xUS8
201,Edelmira,Pedregon,50638 Northwest Blvd,Bandy Creek,08-8484-3223,edelmira_pedregon@hotmail.com,grichley5l,jG8'(Py~v=QFVuGV
202,Andrew,Keks,51 Bridge Ave,Carwarp,03-5251-3153,andrew@gmail.com,ipatesel5m,pV2_PSDRMW9
203,Miesha,Decelles,457 St Sebastian Way #189,Eltham,03-5185-6258,mdecelles@decelles.net.au,ktorbard5n,qJ9@Q2XB|P#gBff1
204,Javier,Osmer,6 Ackerman Rd,Doncaster East,03-8369-6924,javier@osmer.com.au,fghilks5o,bM6``=exG*2_O<!
205,Kizzy,Stangle,8 W Lake St #1,Welbungin,08-1937-3980,kizzy.stangle@yahoo.com,tmcclurg5p,cP5'sfg8
206,Sharan,Wodicka,8454 6  17 M At Bradleys,Shenton Park,08-4712-2157,sharan@wodicka.net.au,kcaselick5q,oB9#M*i<v
207,Novella,Fritch,5 Ellestad Dr,Girraween,02-2612-1455,nfritch@fritch.com.au,pallden5r,hX7<1GRHzz.1b(=
208,German,Dones,9 N Nevada Ave,Woronora,02-2393-3289,german@gmail.com,zomara5s,sG5(JZ'aa`Hc6HyK
209,Robt,Blanck,790 E Wisconsin Ave,Woodbury,03-6517-9318,robt.blanck@yahoo.com,rockendon5t,jN2*gqoF
210,Rossana,Biler,60481 N Clark St,Lee Point,08-9855-2125,rossana.biler@biler.net.au,gjopson5u,qL4'rMXo
211,Henriette,Gish,43 E Main St,Baranduda,03-9935-5135,henriette.gish@gish.net.au,btomblings5v,kA1=gIETFNlH
212,Buffy,Stitely,5 Madison St #4651,Police Point,03-1600-5230,buffy_stitely@stitely.com.au,wkiendl5w,jU0>tO?YC'0NM7PX
213,Christiane,Osmanski,85 Nw Frontage Rd,Williamstown,08-9693-9052,christiane@gmail.com,jcrinidge5x,oY5~JWGh5Bu9kVeq
214,Annamae,Lothridge,584 Meridian St #997,Civic Square,02-1919-3941,alothridge@hotmail.com,jortmann5y,"pG5/AiUv(.,Pjl"
215,Vanesa,Glockner,28220 Park Avenue W,Taragoola,07-7052-4547,vanesa@glockner.com.au,cbillanie5z,gQ4/2ih~XM#a{D4z
216,Gennie,Pastorino,5 Austin Ave,Charleston,08-4753-2870,gennie.pastorino@gmail.com,abwye60,"xN5""AU{To!3dZ&1"
217,Tamra,Kenfield,481 925n N #959,Kealy,08-5614-9153,tkenfield@kenfield.com.au,jkordovani61,dF5*pZjUWFQ78w6H
218,Tien,Kinney,9 9th St #4,Lillimur,03-7767-6169,tien_kinney@kinney.com.au,abroomhead62,"gS5+""ho9M"
219,Malcom,Leja,56232 Hohman Ave,Officer,03-2477-9133,malcom@leja.com.au,redmunds63,zL9`X.Tc
220,Claudia,Gawrych,3 Wall St #26,Lilli Pilli,02-4246-3092,claudia@gmail.com,fhothersall64,cI5'ThmuxHH
221,Page,Entzi,63154 Artesia Blvd,Blue Rocks,03-2484-5500,page@entzi.net.au,hcampagne65,"fN8""x2>gi(|"
222,Lorita,Roches,32 E Poythress St,Westminster,08-2358-3115,lorita_roches@roches.net.au,mbowes66,lG2#29/2(/El.DiB
223,Annita,Lek,86274 Howell Mill Rd Nw,Karama,08-3384-3181,annita.lek@lek.net.au,gbullivent67,gO1/}ZaC6R>!i
224,Eliseo,Mikovec,25488 Brickell Ave,Ocean Shores,02-9829-2371,emikovec@mikovec.com.au,gborrett68,lK0+l*gQk1x
225,Tyisha,Layland,270 5th Ave,Eastwood,08-2158-6758,tyisha@yahoo.com,llovell69,jG1+h7ggw
226,Colene,Tolbent,891 Union Pacific Ave #8463,Gloucester,02-4376-1104,colene.tolbent@tolbent.net.au,cgrimsell6a,sE1{56{b'$
227,Francis,Senters,4562 Aurora Ave N,Heidelberg Rgh,03-5933-7288,fsenters@gmail.com,iacosta6b,gV5/Vj5u'
228,Hester,Dollins,4864 N 168th Ave,The Risk,02-1622-6412,hester_dollins@gmail.com,hpritchitt6c,uH9!nUuU
229,Susana,Baumgarter,7 Elm Ave,Yanco,02-5410-5137,susana.baumgarter@yahoo.com,wbrodway6d,wK7_!0CnUGk*8&
230,Dahlia,Tummons,6508 Adams St #32,Port Fairy,03-8216-8640,dahlia.tummons@gmail.com,mtaffs6e,mZ5=4VHb
231,Osvaldo,Falvey,6434 Westchester Ave #28,Queenton,07-4854-5045,osvaldo.falvey@yahoo.com,cdelieu6f,"oF6,,0MOj+1{A"
232,Armando,Barkley,70680 S Rider Trl,Watercarrin,08-8161-8201,armando.barkley@yahoo.com,nrebanks6g,"rR7(o""uj'2"
233,Torie,Deras,700 Factory Ave #5649,Yeppoon,07-8371-4719,torie_deras@yahoo.com,hgilders6h,sW5=cNkB5\N
234,Tamie,Hollimon,3 Cherokee St,Bobalong,08-7046-5484,tamie@hollimon.com.au,jkloster6i,dL7|e)yh|j
235,Lettie,Hessenthaler,76542 W Bijou St,Wurdiboluc,03-5855-5156,lettie_hessenthaler@hessenthaler.net.au,lmeugens6j,bM7<xUbt|
236,Chaya,Muhlbauer,44009 W 63rd #269,North Dandalup,08-5943-4352,chaya_muhlbauer@muhlbauer.net.au,jcarus6k,cL9=eJ+IxtwB
237,Terina,Wildeboer,462 Morris Ave,Seddon,03-9107-7349,terina_wildeboer@wildeboer.com.au,ablakeway6l,sJ7%'63+
238,Lisbeth,Agney,1 El Camino Real #603,Hindmarsh,08-1184-4145,lisbeth.agney@agney.net.au,asnary6m,mO5=`gF68Ll%i
239,Lillian,Dominique,92417 Arbuckle Ct,Julia Creek,07-3594-6592,lillian@hotmail.com,dsuatt6n,"dX1""Trm`gFT"
240,Corrina,Lindblom,1 Westpark Dr,Salter Point,08-7915-5110,clindblom@gmail.com,ccowitz6o,qU9$'XSF4NeR)
241,Dylan,Chaleun,5 Montana Ave,Lilydale,07-2319-2889,dylan_chaleun@hotmail.com,rstollenbeck6p,wV3*bBFp9Pi
242,Jerrod,Luening,6629 Main St,Tea Gardens,02-9554-9632,jerrod_luening@luening.com.au,nclitsome6q,eU0=?H9BbneN
243,Gracie,Vicente,4 W 18th St,Oxley,03-2444-8291,gracie.vicente@hotmail.com,rmacandreis6r,mU5\1T9zUg7n'Rs
244,Barabara,Amedro,95412 16th St #6,Yallah,02-3449-6894,barabara@amedro.net.au,kboyall6s,pD6)MQMQsn`T
245,Delsie,Ducos,17 Kamehameha Hwy,Cavendish,03-1361-8465,dducos@hotmail.com,fcamacho6t,hY2'nc>7ME88g!Nq
246,Cassie,Digregorio,8650 S Valley View Bld #6941,Condobolin,02-7922-5417,cdigregorio@digregorio.net.au,kkos6u,wW3.<bhg
247,Tamekia,Kajder,16 Talmadge Rd,West Tamworth,02-7498-8576,tamekia_kajder@yahoo.com,mcardenoso6v,oP6(eIYH1
248,Johanna,Saffer,750 Lancaster Ave,Campsie,02-5970-1748,johanna@yahoo.com,vbarhems6w,oJ6{&A!u
249,Sharita,Kruk,8808 Northern Blvd,Merrylands,02-7386-4544,sharita_kruk@gmail.com,mfarley6x,"bR1`""8Qz"
250,Gerald,Chrusciel,76596 Pleasant Hill Rd,Townsville Milpo,07-7446-6315,gerald@chrusciel.net.au,gthorneloe6y,"wN1`,H@aB4,oS5x8"
251,Ardella,Dieterich,94 Delta Fair Blvd #2702,Runnymede,07-3581-9462,ardella.dieterich@yahoo.com,lbenzi6z,cT2_y~Nj&Q
252,Jackie,Kellebrew,25 Sw End Blvd #609,Coominya,07-9840-6419,jackie.kellebrew@kellebrew.com.au,aspata70,fV3@tH>T
253,Mabelle,Ramero,15258 W Charleston Blvd,Aroona,07-8857-6463,mabelle.ramero@ramero.net.au,jrheubottom71,aF1'_0V.S
254,Jonell,Biasi,75 Ryan Dr #70,Duramana,02-5095-2983,jbiasi@biasi.net.au,glavall72,dT2<gHqtPr'L
255,Linwood,Wessner,9634 South St,Saltwater River,03-6053-2447,linwood.wessner@hotmail.com,kprettyjohn73,uZ8{DilbO&c
256,Samira,Heninger,40490 Morrow St,Bluff,07-9512-2457,sheninger@yahoo.com,asainter74,tW0!Cl6$
257,Julieta,Cropsey,9 Commerce Cir,Kingaroy,07-4217-6258,julieta@yahoo.com,bserman75,uG8{%hRp6Wod|
258,Serita,Barthlow,190 34th St #8,Nangetty,08-2941-7378,serita_barthlow@gmail.com,gcollins76,"hL7#8d=|HR~&U,'H"
259,Tori,Tepley,1036 Malone Rd,Uarbry,02-2493-1870,tori@tepley.net.au,akrauze77,kO5{<tgc
260,Nancey,Whal,398 Fort Campbell Blvd #923,Cudgera Creek,02-3248-3283,nancey@whal.net.au,fgeldeard78,lA8#)DK)_#l}tk
261,Wilbert,Beckes,2799 Cajon Blvd,East Nanango,07-9178-6430,wilbert@hotmail.com,gfoynes79,eR4|/!d'nq
262,Werner,Hermens,302 N 10th St #3896,Oakleigh South,03-9085-5714,whermens@hermens.net.au,lgilfillan7a,lN7*%jMjg2=
263,Sunny,Catton,79346 Firestone Blvd,Gununa,07-1217-9907,scatton@catton.com.au,bsibylla7b,yC4|_oOmy3
264,Keva,Moehring,37564 Grace Ln,Salamander Bay,02-9187-4769,keva.moehring@moehring.net.au,cvamplers7c,"eS4!1_}T+"""
265,Mary,Dingler,470 W Irving Park Rd,Bundaberg North,07-3963-4469,mary.dingler@gmail.com,wacey7d,"qV9+h,q=PgMOx.W3"
266,Huey,Bukovac,6 Jefferson St,Middleton,08-5236-2143,huey.bukovac@hotmail.com,tvellacott7e,"cV5!+'B""oe|"
267,Antonio,Eighmy,1758 Park Pl,Eaglemont,03-6144-7318,antonio.eighmy@yahoo.com,wcollingwood7f,"kS0$_e@U7_""U$E"
268,Quinn,Weissbrodt,7659 Market St,Premer,02-7239-9923,qweissbrodt@weissbrodt.com.au,gwilley7g,"zK8{rLa\""@xk"
269,Carin,Georgiades,95830 Webster Dr,Trott Park,08-8343-3550,cgeorgiades@gmail.com,shentzeler7h,kG3)x`lRbg
270,Jill,Davoren,26 Old William Penn Hwy,Boynewood,07-1698-9047,jill_davoren@davoren.net.au,awasteney7i,"eE5""N(jP"
271,Sanjuana,Goodness,343 E Main St,Maraylya,02-2208-2711,sgoodness@goodness.net.au,nffrenchbeytagh7j,iX5@RLTf?U\4}
272,Elin,Koerner,8 Cabot Rd,Wayville,08-5221-9700,elin_koerner@koerner.com.au,rjenkyn7k,mE5(6o8`
273,Charlena,Decamp,8 Allied Dr,Burnside,08-7615-2416,charlena@gmail.com,parsey7l,"uG0,_K5't>"
274,Annette,Breyer,26921 Vassar St,Daradgee,07-5417-9612,abreyer@hotmail.com,gbretland7m,qT1+u&~$Ic
275,Alexis,Morguson,9 Old York Rd #418,Weetulta,08-1895-1457,amorguson@morguson.com.au,tlongridge7n,"yF4{4H<6,4~Sz9F"
276,Princess,Saffo,12398 Duluth St,Auburn,02-2656-6234,princess_saffo@hotmail.com,gcharles7o,rL6~AYVoI>+xU
277,Ashton,Sutherburg,960 S Arroyo Pkwy,South Hobart,03-9215-3224,asutherburg@gmail.com,aolivi7p,hU0!7{#}c4\ZtxQ
278,Elmer,Redlon,53 Euclid Ave,Forbes,02-1075-4690,elmer@hotmail.com,ddauber7q,tO7&r+eDRwanS|}*
279,Aliza,Akiyama,700 Wilmson Rd,Forest Reefs,02-9324-7803,aliza@yahoo.com,gwhetland7r,hH5>/yVG
280,Ora,Handrick,466 Hillsdale Ave,Rocklands,03-8357-4617,ora.handrick@gmail.com,ahadenton7s,jQ8*LnK}fK
281,Brent,Ahlborn,86351 Pine Ave,Oaklands Park,08-4563-9520,bahlborn@ahlborn.com.au,cpeachey7t,xS3'OLjEl3Dy
282,Tora,Telch,6139 Contractors Dr #450,Buckland Park,08-8808-8104,tora@telch.net.au,lhalcro7u,"sQ9!j*D,"
283,Hildred,Eilbeck,83 Longhurst Rd,Longwood,08-2922-4115,hildred_eilbeck@eilbeck.net.au,ggyer7v,oL3@/MN(m
284,Dante,Freiman,76 Daylight Way #7,Varsity Lakes,07-1964-4238,dante_freiman@freiman.net.au,kstaines7w,yR9}eM5tH$~2+a~Z
285,Emmanuel,Avera,3883 N Central Ave,Appin,02-1987-8525,emmanuel@yahoo.com,hbrowne7x,sJ8.?O2edzW
286,Keshia,Wasp,75 E Main,Adelaide River,08-1683-9243,kwasp@wasp.net.au,jparrott7y,eF2&+ew9PF
287,Sherman,Mahmud,9 Memorial Pky Nw,Harris Park,02-2621-3361,sherman@mahmud.com.au,jpoure7z,"tS4})Wnp$f,H?69E"
288,Lore,Brothers,70086 Division St #3,Kallista,03-8780-3473,lore@hotmail.com,kcawtheray80,hR9}u%n3
289,Shawn,Weibe,4 Middletown Blvd #33,Camena,03-9480-9611,shawn@hotmail.com,rswindle81,"mX8{Fyq""?.I}+zL"
290,Karima,Cheever,20907 65s S,Woodberry,02-5977-8561,karima_cheever@hotmail.com,clownds82,wY8&Unp>
291,Francesco,Kloos,82136 Post Rd,Rocky Gully,08-1687-4873,fkloos@kloos.com.au,ryalden83,hH1>RcWf~QE<
292,King,Picton,3 W Pioneer Dr,Preston Beach,08-7605-2080,king@hotmail.com,sgrabeham84,"mJ6+&e,v'\@Nk8"
293,Mica,Simco,5610 Holliday Rd,Brigalow,07-1037-3391,msimco@gmail.com,fubank85,pO2`{aU+Yhe0
294,Lamonica,Princiotta,29133 Hammond Dr #1,Beermullah,08-5227-2620,lamonica@hotmail.com,spougher86,"dK7`""p5""9Db3"
295,Curtis,Ware,51 Greenwood Ave,Ridgewood,08-6278-9532,curtis@ware.net.au,bhastwall87,iB0_F9R63T2
296,Sabrina,Rabena,327 Ward Pky,Bayles,03-5662-3542,sabrina_rabena@hotmail.com,efancutt88,"eX5,Ni|xKPe'm"
297,Denae,Saeteun,52680 W Hwy 55 #59,Moorabbin Airport,03-2802-7434,denae_saeteun@hotmail.com,ccharles89,"bH4>)x,RN$olAgSX"
298,Anastacia,Carranzo,654 Se 29th St,Waratah West,02-6078-3417,anastacia@yahoo.com,jsalleir8a,bH9=6V6NGXFNH
299,Irving,Plocica,65 Clayton Rd,Cullulleraine,03-9050-2741,irving@hotmail.com,blegat8b,"oN0""n@bwgK~"""
300,Elenor,Siefken,136 2nd Ave N,Cairns City,07-5085-8138,elenor.siefken@yahoo.com,ytrow8c,gX3<&htEMQ
301,Mary,Irene,3 N Michigan Ave,Warding East,08-8012-6469,mirene@gmail.com,ubach8d,xJ7`q}7ek
302,Crista,Padua,1607 Laurel St,North Haven,02-9472-5814,crista_padua@gmail.com,tdrummer8e,xX7#QW@g7I
303,Lawana,Yuasa,77818 Prince Drew Rd,Cape Paterson,03-2324-3472,lawana_yuasa@yuasa.net.au,ebelden8f,"mR8'*}8rz#ej!"""
304,Maryrose,Cove,1 Vogel Rd,Cabramatta,02-8010-8344,mcove@hotmail.com,mbelliard8g,mG0%1cSKb'
305,Lindsey,Rathmann,5 Main St,Kongorong,08-1269-1489,lindsey_rathmann@rathmann.com.au,ggarric8h,tO3'#1ifR
306,Lynelle,Koury,7696 Carey Ave,Digby,03-5213-8219,lynelle.koury@koury.net.au,rshropshire8i,"fN0>BNik""s!"
307,Brice,Bogacz,76 San Pablo Ave,Sedan,08-5203-2193,bbogacz@hotmail.com,broakes8j,eJ8$tF%HSu=2
308,Laine,Killean,767 9th Ave Sw,Braybrook,03-2813-6426,laine@gmail.com,dfrogley8k,eO7>U|MSvpt1\
309,Rachael,Crawley,82 Hopkins Plz,Inkpen,08-2089-8553,rachael@gmail.com,cwinney8l,"dK2""5a+3)"
310,Della,Selestewa,64 Prairie Ave,Gillieston Heights,02-4885-8382,della.selestewa@gmail.com,akirrage8m,"aD8.Y!~_n"""
311,Thomasena,Graziosi,5 Jackson St,Neerabup,08-4849-4417,thomasena@gmail.com,tvedntyev8n,dH6>w0B2wG
312,Frederic,Schimke,705 Stanwix St,Mount Martha,03-4829-5695,fschimke@schimke.com.au,kposkitt8o,tQ8>E5i4fg9R
313,Halina,Dellen,3318 Buckelew Ave,Appila,08-6742-2308,halina.dellen@dellen.com.au,wpalffy8p,sH8>+H?mN+M
314,Ryann,Riston,38494 Port Reading Ave,Milton,07-9920-3550,ryann@hotmail.com,cmarages8q,uF7>#_BYaE
315,Shawn,Vugteveen,81 Us Highway 9,Etty Bay,07-3103-8372,svugteveen@vugteveen.net.au,chaseldine8r,uK9*yc=`wl=}=TA
316,Leah,Milsap,45 Mountain View Ave,Lower Hermitage,08-4040-9192,leah@milsap.com.au,ydilkes8s,yT4!xi+'j)Twm
317,Ira,Zihal,6 W Meadow St,Degilbo,07-4724-9987,ira.zihal@yahoo.com,wparlor8t,rO1$ll)MFL
318,Paris,Kinnison,2 Old Corlies Ave,Eastern Heights,07-4518-4450,paris.kinnison@gmail.com,fberkley8u,wP5'3W?<!~h
319,Shayne,Sundahl,5614 Public Sq,Normanville,08-8587-1196,shayne.sundahl@gmail.com,ddanslow8v,vZ0?(Xzf
320,Ernestine,Paavola,6 E Gloria Switch Rd #96,Yorkrakine,08-1140-6357,ernestine.paavola@paavola.com.au,cbaybutt8w,cJ8_@}vNK
321,Eleonore,Everline,1 Us Highway 206,Kialla East,03-5355-5505,eeverline@hotmail.com,ghalwill8x,nQ7.%R?*Pb
322,Misty,Leriche,5289 Ramblewood Dr,Glen Boughton,07-5486-1002,mleriche@yahoo.com,cmccully8y,"yW5@D(%4""<C"
323,Na,Hodges,5 Aquarium Pl #1,Ongerup,08-8215-1588,na_hodges@hotmail.com,jgilphillan8z,uD8%<8&Sg
324,Juan,Knudtson,466 Lincoln Blvd,Clunes,03-9173-6140,juan@gmail.com,nmcgiffin90,"dR2+GGR""$LmiXP"
325,Gerald,Kloepper,42 United Dr,Pierces Creek,07-4297-4607,gerald@yahoo.com,sritter91,"mX1""kD{)Ma>ofhh"
326,Desmond,Tarkowski,5920 E Arapahoe Rd,Andergrove,07-6793-5954,desmond_tarkowski@hotmail.com,btapner92,"tF9,5a_Z"
327,Tommy,Gennusa,2 New Brooklyn Rd,Concord West,02-5444-1961,tommy@hotmail.com,gmaggiore93,nO9{|+Zr=n~
328,Adrianna,Poncio,9 34th Ave #69,Bethania,07-6113-9653,adrianna@poncio.com.au,tgrinnell94,"bT7~bph,gUt&d?"
329,Adaline,Galagher,32716 N Michigan Ave #82,Barooga,02-3225-1954,adaline.galagher@galagher.com.au,astollenhof95,"lA6,HyasW""}8h(p<"
330,Tammi,Schiavi,78 Sw Beaverton Hillsdale H,Willetton,08-9707-2679,tammi.schiavi@hotmail.com,ehartmann96,wY7(Ym`>TP*
331,Virgilio,Phay,8494 E 57th St,Stratton,08-8147-9584,vphay@phay.com.au,bgameson97,iP3}|Hje
332,Emeline,Sotelo,46 Broadway St,Elimbah,07-7240-6480,emeline@gmail.com,cperrot98,mC1}5VneF`{K$
333,Marcos,Seniff,228 S Tyler St,Emerald,03-6340-5010,marcos_seniff@gmail.com,tcockton99,sU0&p.N/Wd2PD
334,Yuonne,Carabajal,2714 Beach Blvd,Changerup,08-7432-4632,ycarabajal@carabajal.com.au,tdumphries9a,nV8|Lc(S4L)&a
335,Gladis,Kazemi,3266 Welsh Rd,Varsity Lakes,07-6444-3666,gkazemi@kazemi.net.au,kfeldman9b,lA7+I+zmR6u2N
336,Muriel,Drozdowski,1 S Maryland Pky,Durham Downs,07-5686-8088,muriel_drozdowski@hotmail.com,cpeggrem9c,oY3=_qb{!_U%VB
337,Juliann,Dammeyer,6 De Belier Rue,Bouvard,08-3562-8644,juliann@gmail.com,aaherne9d,yC4.*xDN/=_l
338,Reiko,Dejarme,57869 Alemany Blvd,Bentley Dc,08-3733-5261,rdejarme@dejarme.net.au,aocollopy9e,uO6{~HyO
339,Verdell,Garness,39 Plummer St,Thornton,02-6291-7620,verdell.garness@yahoo.com,fcudbertson9f,uU2|smMxsf5=?Ae
340,Arleen,Kane,78717 Graves Ln,Eagle Farm,07-3476-2066,arleen.kane@hotmail.com,jcaile9g,sV9)ZSLmo`
341,Launa,Vanauken,30338 S Dunworth St,Peake,08-9808-2647,launa@gmail.com,larnaldo9h,"iP3/bm87'v,Whk@U"
342,Casandra,Gordis,6 Walnut St,Chippendale,02-5808-6388,casandra_gordis@gordis.com.au,abarthropp9i,oS1+O=<\kdUx*
343,Julio,Puccini,2244 Franquette Ave,Gorokan,02-5632-9914,julio@gmail.com,scufley9j,iP3_>#h=Oww&
344,Alica,Alerte,9892 Hernando W,Grevillia,02-6974-7785,aalerte@alerte.com.au,pczadla9k,tF3*zPlMYQ/
345,Karol,Sarkissian,9296 Prince Rodgers Ave,Chatsworth,02-3490-2407,ksarkissian@yahoo.com,crase9l,gO9*DsBsn.xvfH~
346,Wava,Ochs,9 Chandler Ave #355,Bawley Point,02-1222-7812,wava.ochs@gmail.com,cide9m,"jJ1$H*,p1)i"
347,Felicitas,Gong,173 Howard Ave,Weengallon,07-8516-6453,fgong@gong.com.au,aforsyth9n,jN4&#F7'~#4T
348,Jamie,Kushnir,3216 W Wabansia Ave,Tuggeranong Dc,02-4623-8120,jamie@kushnir.net.au,hpoundsford9o,yO9#9)lgj
349,Fidelia,Dampier,947 W Harrison St #640,Dangar Island,02-8035-9997,fidelia_dampier@gmail.com,lcurthoys9p,oG6*3>D<1v(wM
350,Kris,Medich,94843 Trabold Rd #59,Shannon,03-6589-2556,kris.medich@hotmail.com,estitfall9q,yR6|&@P%}@`D
351,Lashawna,Filan,8 Lincoln Way W #6698,Greenhills,08-6937-4366,lashawna.filan@filan.net.au,nboissier9r,kI4\xeL}D
352,Lachelle,Andrzejewski,262 Montauk Blvd,Cherrybrook,02-3416-9617,lachelle.andrzejewski@andrzejewski.com.au,fstacey9s,lG9{*Hd{|3BGojn
353,Katy,Saltourides,5040 Teague Rd #65,Junee,02-3003-1369,katy_saltourides@yahoo.com,mofinan9t,iJ8%'G<{mT|rzeE7
354,Bettyann,Fernades,54648 Hylan Blvd #883,Tibradden,08-2901-3421,bettyann@fernades.com.au,dducker9u,kF4|0Vg54i
355,Valda,Levay,7463 Elmwood Park Blvd,Tungkillo,08-2401-5672,vlevay@levay.net.au,swetheril9v,qY4}Dt/(@=12g3
356,Lynette,Beaureguard,630 E Plano Pky,Tarawera,07-6679-3722,lynette.beaureguard@hotmail.com,gbridgstock9w,"pP2/""B\q"
357,Victor,Laroia,166 N Maple Dr,Scotts Head,02-8156-6969,victor@laroia.net.au,ballmark9x,fS9!y67a?hSA%D
358,Pa,Badgero,20 Meadow Ln,Pakenham Upper,03-1861-5074,pa_badgero@badgero.com.au,kruddoch9y,hM2/A0Qe
359,Dorathy,Miskelly,73 Robert S,Westerway,03-6340-9772,dorathy.miskelly@gmail.com,csivyer9z,"eL5,Mv+cs+("
360,Rodrigo,Schuh,512 E Idaho St,Burrier,02-3869-4096,rodrigo_schuh@gmail.com,elandeauxa0,eO9#B/oyWvQ#|@}
361,Stanford,Waganer,98021 Harwin Dr,East Nabawa,08-3200-1670,stanford_waganer@waganer.net.au,edecruzea1,rR4~Fcax*32B\p}
362,Michael,Orehek,892 Sw Broadway #8,Millers Point,02-1919-1709,michael_orehek@gmail.com,rwormella2,"sC3~`&,6+""5p6i,"
363,Ines,Tokich,192 N Sheffield Ave,Bunya Mountains,07-5017-7337,ines_tokich@tokich.net.au,mlippia3,gK0+ORI|!
364,Dorinda,Markoff,5 Columbia Pike,Mayfield East,02-6529-9317,dorinda_markoff@hotmail.com,jlegata4,"nV7""f1MH`@i5"
365,Clarence,Gabbert,35983 Daubert St,Verges Creek,02-4776-1384,clarence.gabbert@gmail.com,olethbya5,nR5|IqsLn4d
366,Omer,Radel,678 S Main St,Hill River,08-9919-9540,omer_radel@radel.net.au,jseabrighta6,"jW3~D,hZlqWav>X"
367,Winifred,Kingshott,532 Saint Marks Ct,Marshdale,02-5318-1342,winifred.kingshott@yahoo.com,ecredlanda7,xJ1/!=B(0P#6d`v
368,Theresia,Salomone,1337 N 26th St,Bundall,07-8250-2277,theresia_salomone@gmail.com,fslinna8,uZ3~ck6c@T(lcKV
369,Daisy,Kearsey,556 Bernardo Cent,Mount Nasura,08-2127-5977,dkearsey@yahoo.com,rcummungsa9,"bN0,4A!8+@D#s+"
370,Aretha,Bodle,9561 Chartres St,Parndana,08-7385-2716,aretha_bodle@hotmail.com,maronsaa,qI1/*>db_XF3E
371,Bettina,Diciano,11999 Main St,Dripstone,02-3566-7608,bdiciano@diciano.com.au,tcartmailab,gA9<1.8n
372,Omega,Mangino,495 Distribution Dr #996,Gnotuk,03-6623-5501,omega.mangino@hotmail.com,hgroobyac,"mL0\S""58'to"
373,Dana,Vock,49 Walnut St,Yarralumla,02-6689-1150,dana_vock@yahoo.com,mdinkinad,rS6!x{1l6ya}!P
374,Naomi,Tuamoheloa,85 S Washington Ave,Muja,08-6137-1726,naomi@yahoo.com,mrekesae,gX6@i*K@#1XwU
375,Luis,Yerry,72984 W 1st St,Summerhill,03-4492-4927,haha@gmail.com,itimbrellaf,yS3<V7hNu0Fcmo
376,Dominga,Barchacky,3 Ridge Rd W #949,Port Flinders,08-3087-9658,dominga.barchacky@hotmail.com,jmccooleag,uI9_VDJ0}cF)eb?O
377,Isreal,Calizo,2 Landmeier Rd,Wombeyan Caves,02-3494-3282,isreal_calizo@gmail.com,ajostah,rB1$Y>@N
378,Myrtie,Korba,82 W Market St,Dartnall,08-3174-2706,mkorba@hotmail.com,aroebyai,"aJ1""2*AM5rMdj"
379,Jodi,Naifeh,89 N Himes Ave,Dural,02-6193-5184,jodi@hotmail.com,hyeoaj,zP8}o?_3)4y
380,Pearly,Hedstrom,62296 S Elliott Rd #2,Wandering,08-3412-6699,pearly@gmail.com,gblaxtonak,bE6>zipW*Fe@
381,Aileen,Menez,8 S Main St,Manjimup,08-1196-2822,aileen_menez@menez.net.au,nandreuzzial,iN0!%)oX97?
382,Glory,Carlo,50808 A Pamalee Dr,Grange,07-9265-7183,glory_carlo@gmail.com,scoringtonam,gE8(wiD~)lY~0Ll@
383,Kathrine,Francoise,30691 Poplar Ave #4,Indented Head,03-8791-9436,kathrine@yahoo.com,rtebban,"jW9""3j~BkD"
384,Domingo,Mckale,80968 Armitage Ave,Marla,08-9919-7850,domingo_mckale@mckale.net.au,fdoileyao,wI6`sZwb'1@+By
385,Julian,Laprade,5 Pittsburg St,Mungabunda,07-2627-9976,jlaprade@laprade.net.au,jterrellap,qT6\g|\FHu
386,Marylou,Lofts,812 Berry Blvd #96,Houston,03-1765-4584,marylou_lofts@lofts.com.au,pcolumbellaq,oC2{6FONq~
387,Louis,Brueck,73 12th St,Larrakeyah,08-5228-3628,louis.brueck@brueck.net.au,jwhaitesar,tJ7'(hK#
388,Ellsworth,Guenther,27730 American Ave,Docklands,03-2749-1381,eguenther@hotmail.com,poviseas,aX0@4+M4LB&
389,Wilburn,Lary,72 Park Ave,Gabbadah,08-1042-4275,wlary@lary.net.au,pasplenat,wY0+BUq~8GT
390,Arlie,Borra,59215 W 80th St,Morundah,02-1211-3823,arlie.borra@gmail.com,bschulkinsau,"mN3%<Fb%Sv,SWv~i"
391,Alysa,Lehoux,186 Geary Blvd #923,Trungley Hall,02-1385-3480,alysa@hotmail.com,ymorstonav,dG0(O\irPDOq
392,Marilynn,Herrera,717 Midway Pl,Tawonga,03-1447-7041,marilynn.herrera@herrera.net.au,mmccaghanaw,iL1&v&6SCsh6hws
393,Scot,Jarva,68 Camden Rd,Kingswood,02-9676-4462,scot.jarva@jarva.com.au,bcockrellax,qS4|6rG3
394,Adelaide,Ender,175 N Central Ave,Greenslopes,07-7538-5504,aender@gmail.com,brolfay,iD2<jQtd~+{aE'~X
395,Jackie,Borchelt,80896 South Ave,Grovedale,03-8055-8668,jackie_borchelt@hotmail.com,xbyromaz,gC8&1pWM
396,Carli,Bame,6584 S Bascom Ave #371,Elanora,07-5354-7251,carli@yahoo.com,uobyb0,lS3.#|Fz)Z
397,Coletta,Thro,64865 Main St,North Fremantle,08-1991-6947,coletta.thro@thro.net.au,gezeleb1,"sX5~kCe9""/nF9'"
398,Katheryn,Lamers,62171 E 6th Ave,Fyshwick,02-4885-1611,katheryn_lamers@gmail.com,gfarneyb2,vA6'~aT2g?
399,Santos,Wisenbaker,67729 180th St,Allworth,02-2957-4812,swisenbaker@wisenbaker.net.au,nduxburyb3,oQ9**9y<w(BE
400,Kimberely,Weyman,7721 Harrison St,Kingsway West,02-7091-8948,kweyman@weyman.com.au,bstratzb4,eL1.hm74j?)
401,Earlean,Suffern,5351 E Thousand Oaks Blvd,Woodford,02-9653-2199,earlean.suffern@suffern.net.au,kfrancescob5,cT0+JOVC
402,Dannette,Heimbaugh,5 Carpenter Ave,Breakaway,07-8738-4205,dannette@gmail.com,dclemasb6,sT6>2PQ_SFB1@
403,Odelia,Hutchin,374 Sunrise Ave,Gorrie,08-9895-1954,odelia.hutchin@hutchin.com.au,alockieb7,mJ5&q#/+i*n)
404,Lina,Schwiebert,68538 N Bentz St #1451,Koorlong,03-3608-5660,lina@yahoo.com,cglastonburyb8,"uB8""oD~w>V"
405,Fredric,Johanningmeie,23 S Orange Ave #55,Wardell,02-1827-1736,fredric@hotmail.com,kcasillasb9,jM1*n!.Ef'gB
406,Alfreda,Delsoin,4373 Washington St,Bongeen,07-7369-8849,adelsoin@yahoo.com,lmaclucaisba,cO8(H!=b|ioyM
407,Bernadine,Elamin,61550 S Figueroa St,Waverley,02-1815-8700,bernadine_elamin@yahoo.com,slorinezbb,gI3=DZXL*IN)#
408,Ming,Thaxton,8 N Town East Blvd,Forrest,03-4010-1900,mthaxton@gmail.com,aboggsbc,"mE4}Px""5)IlmRgXK"
409,Gracia,Pecot,2452 Bango Rd,Gundaroo,02-8081-3883,gpecot@hotmail.com,aheardmanbd,cX0/%&n/azP7
410,Yuette,Metevelis,8219 Roswell Rd Ne,North Boyanup,08-4700-8894,yuette.metevelis@metevelis.net.au,mstoggellbe,"uB6,9zuU8zP.H"
411,Yuriko,Kazarian,3 Davis Blvd,Mouroubra,08-1109-5346,yuriko_kazarian@gmail.com,hmackettrickbf,eP9&vQPuq1SvKH{
412,Hyman,Hegeman,1 S Marginal Rd,Flinders University,08-9280-9177,hyman@hotmail.com,dcockrembg,zP2`%?zO
413,Linette,Summerfield,78 S Robson,Crows Nest,07-7489-7577,linette.summerfield@hotmail.com,htallowinbh,fR4(ez~9~Po`H
414,Jospeh,Couzens,2749 Van Nuys Blvd,Panmure,03-8451-7537,jospeh.couzens@couzens.com.au,ssambellbi,rA5?CcF.&d4}|.kz
415,Anna,Ovit,722 E Liberty St,Bygalorie,02-4649-5341,anna.ovit@hotmail.com,alustybj,"tA6&*pbh,t0/}"
416,Shawnta,Woodhams,9 Gunnison St,Oakhurst,02-5770-8546,shawnta@woodhams.com.au,wbarnwallbk,lH0)?/rX
417,Ettie,Luckenbach,2902 Edison Dr #278,Mandurah East,08-9378-7021,ettie@yahoo.com,tledsterbl,pE8.nNni
418,Chara,Leveston,72 N Buckeye Ave,Daisy Hill,03-2574-8915,cleveston@gmail.com,lyegoshinbm,pF3@c&5L3biH%v
419,Lauran,Huntsberger,41 E Jackson St,Willetton,08-2704-3706,lhuntsberger@huntsberger.net.au,hhuccabybn,"cV9+,>9>I3"
420,Pansy,Todesco,684 William St,Tarnagulla,03-3233-4255,pansy_todesco@gmail.com,ohowattbo,iM5%it$Wz#p
421,Georgeanna,Silverstone,185 W Guadalupe Rd,Steels Creek,03-7416-6750,georgeanna@silverstone.net.au,hcharonbp,wJ6<ZXcxjD\q=g*
422,Jesus,Liversedge,18514 E 4th St #8,Broken Head,02-4418-5927,jesus.liversedge@hotmail.com,mtrewhelabq,gD5~C0LP{`*k_
423,Jamey,Tetter,28 Standiford Ave #6,Bundaberg West,07-6073-5039,jamey.tetter@gmail.com,mslowanbr,kX6>9$juU
424,Alberta,Motter,33108 S Yosemite Ct,Port Melbourne,03-1248-8221,alberta_motter@hotmail.com,gjurgensonbs,jM7(f1c`R9
425,Ronald,Grube,73778 Battery St,Happy Valley,08-3305-5436,ronald.grube@yahoo.com,dusherbt,zP5_w#AbtYF`DX5=
426,Tamala,Hickie,351 Crooks Rd,Benambra,03-3695-2399,tamala_hickie@yahoo.com,gnewissbu,lM9(TrAN?Ei!JcEK
427,Gerry,Mohrmann,8 Glenn Way #3,Brockman,08-1399-2471,gerry_mohrmann@mohrmann.net.au,pemsonbv,pN1~kPP4%m
428,Isaiah,Kueter,8 W Virginia St,Amphitheatre,03-3725-6290,ikueter@kueter.com.au,sflewettbw,dR4)`9b_
429,Magnolia,Overbough,65484 Bainbridge Rd,Penrith,02-7947-2980,moverbough@overbough.com.au,fdutchbx,zP9.vHfl.3}>
430,Ngoc,Guglielmina,156 Morris St,Darke Peak,08-2264-5559,ngoc_guglielmina@hotmail.com,eedowesby,"yJ1,/EMnLFXfwh""h"
431,Julene,Lauretta,1881 Market St,Mole Creek,03-1036-9594,julene.lauretta@gmail.com,lalliottbz,gK7+3NF?p6b
432,Magda,Lindbeck,6 Kings St #4790,Emerald Beach,02-3713-3646,magda_lindbeck@yahoo.com,iabbec0,mX2<zrck8A&KH
433,Shantell,Lizama,9787 Dunksferry Rd,Logan Village,07-5346-5917,shantell.lizama@gmail.com,srihanekc1,dZ8_rIA=
434,Audria,Piccinich,13 Blanchard St #996,Coober Pedy,08-9757-2379,audria.piccinich@gmail.com,cvasinc2,"nH2\O<Qg#8,"
435,Nickole,Derenzis,2 Pompton Ave,Berowra Heights,02-5573-6627,nderenzis@hotmail.com,miblec3,aF5~IZ3WUU#89v
436,Grover,Reynolds,2867 Industrial Way,Innaloo,08-7785-3040,grover.reynolds@gmail.com,adenisovichc4,dX9_%INUw
437,Rocco,Bergstrom,850 Warwick Blvd #58,Leeman,08-3987-7521,rocco@yahoo.com,dstanwixc5,iC1`hlMwBgn|
438,Ethan,Quintero,2 Ellis Rd,East Damboring,08-8280-9492,ethan_quintero@quintero.com.au,khaggisc6,sJ9?t0<=VE
439,Glynda,Sanzenbacher,80 Monroe St,Kinglake West,03-1051-7865,glynda@sanzenbacher.com.au,tchastonc7,"aP3?4353d&""i7>@1"
440,Yolande,Scrimsher,71089 Queens Blvd,Canning Vale,08-2136-2433,yolande@yahoo.com,rostickc8,xZ0(w8ny*GL#
441,Twanna,Sieber,66094 Pioneer Rd,Upper Glastonbury,07-5235-7319,twanna@yahoo.com,npeerlessc9,yF3%z&?<F8a2P/
442,Rosenda,Petteway,66 Congress St,Caroline Springs,03-9599-4122,rosenda@gmail.com,candrica,nB4?&'p>fH.j~x
443,Lacey,Francis,44 105th Ave,Hunchy,07-4119-3981,lacey.francis@francis.net.au,hwhippcb,"lT9+1hsyu8""7R"""
444,Cordie,Meikle,40809 Rockburn Hill Rd,Hamlyn Terrace,02-8727-4906,cordie.meikle@hotmail.com,elightmancc,qI3#0N2D8\h59
445,Annalee,Graleski,9 Green Rd #5877,Darbys Falls,02-6118-8773,annalee.graleski@hotmail.com,jhucklebycd,lA8$.&|4
446,Dana,Ladeau,63 W 41st Ave #93,Pinnacle,07-3511-9233,dana@ladeau.net.au,kfrancombece,cT0*5<zLx
447,Wai,Raddle,2 Stirrup Dr #4907,Carlsruhe,03-4811-3832,wai.raddle@raddle.com.au,dpentincf,rJ9%6r4I&
448,Johana,Conquest,19 Court St,Paulls Valley,08-6579-7569,johana@conquest.net.au,rdoyleycg,"kD4`a""6OAk"
449,Tomas,Fults,3 Hwy 61 #2491,Mirani,07-1536-4805,tomas_fults@fults.net.au,azannollich,vU9!XaBH6
450,Karon,Etzler,97539 Connecticut Ave Nw #3586,Buckland,03-6698-8416,karon@hotmail.com,rdymockeci,mW1*LJnoJL1N$
451,Delbert,Houben,59 Murray Hill Pky,Mitta Mitta,03-1560-6800,delbert.houben@hotmail.com,ggrentcj,fP1.&.GG_Y
452,Ashleigh,Rimmer,15 W 11mile Rd,Boat Harbour Beach,03-5354-9557,ashleigh.rimmer@hotmail.com,weasomck,uY7*hOHeZMSV%KG
453,Nenita,Mckenna,709 New Market St,Botany,02-5059-2649,nmckenna@yahoo.com,crubroecl,pS5~Nv>Qg<hxf
454,Micah,Shear,324 Shawnee Mission Pky,Scaddan,08-6270-6829,mshear@hotmail.com,bhandycm,aH7%gg/pyg{69us
455,Stefany,Figueras,37 Saint Louis Ave #292,Lenswood,08-2209-8647,stefany@figueras.net.au,aschustlcn,pS9.A*_Oj'uZZ
456,Rene,Burnsworth,80289 Victory Ave #9,Farrell Flat,08-8222-3171,rene@burnsworth.net.au,efaraganco,zV2_Pp*T='x{c<
457,Cary,Orazine,16 Governors Dr Sw,Melrose,08-7718-8495,cary.orazine@hotmail.com,wcattrellcp,iE0)Ub{BQW({fr
458,Micheal,Ocken,4 E Aven #284,Freemans Waterhole,02-9828-4921,micheal.ocken@ocken.net.au,cpoloncq,uO8~Gm3upTkK|22
459,Frederick,Tamburello,262 8th St,Simpsons Bay,03-4800-7102,frederick.tamburello@hotmail.com,beltunecr,oL6*he#'h1eOZh
460,Burma,Noa,79 State Route 35,Ripponlea,03-6438-4586,burma.noa@gmail.com,ksybbecs,"wV3,{Q=!%b,~."
461,Cherry,Roh,75 Blackington Ave,North Cascade,08-5175-3585,cherry_roh@yahoo.com,gdacksct,qU5&fnxJJ9lN
462,Gabriele,Frabotta,6 Abbott Rd,Ensay,03-2689-6049,gabriele_frabotta@gmail.com,hsurgeoncu,"iK6""5}3(u2`7n"
463,Clement,Chee,5159 Saint Ann St,Golden Point,03-2775-4083,clement@hotmail.com,cgrigorkincv,wF0\#%B'Q>r
464,Beckie,Apodace,26 Ripley St #5444,Middle Cove,02-5630-3114,bapodace@gmail.com,rgeorgiadescw,rE8}PV%3xv
465,Catrice,Fowlkes,39828 Abbott Rd,Waterfront Place,07-9032-5149,cfowlkes@hotmail.com,vkelkcx,vZ3&JLQKs)
466,Richelle,Remillard,2495 Beach Blvd #557,Buraminya,08-6831-6370,richelle.remillard@remillard.net.au,fchappellecy,iX5?T#i/o2h4
467,Cherri,Miccio,3 Bustleton Ave,Balnagowan,07-5626-7937,cherri_miccio@gmail.com,adictcz,gS9=Hxn\&Ml
468,Dorethea,Taketa,7 N 4th St,Lower Cressbrook,07-2209-2731,dtaketa@taketa.net.au,kkilshawd0,"rJ2""Sqr+"
469,Barb,Latina,1 National Plac #6619,Larrakeyah,08-8506-7259,blatina@hotmail.com,dgwyerd1,xA7~paNrjEi~.hbf
470,Bettye,Meray,248 Academy Rd,Middleton,03-9424-2956,bmeray@yahoo.com,rpeadd2,wD3_pu{l+C
471,Sherrell,Sprowl,2 State Hwy,Oak Flats,02-4074-4461,sherrell_sprowl@hotmail.com,porourked3,"zV2!9F0XaI>c""S|/"
472,Ruth,Niglio,6 W Cornelia Ave,Orange Hill,07-5128-8956,ruth.niglio@hotmail.com,jwilcherd4,kT1}rD\E\{l}\uMv
473,Alva,Shoulders,461 S Fannin Ave,Welshpool,08-8329-4211,alva@gmail.com,cpenvardend5,sS6/}v(KlqHqFV
474,Carri,Palaspas,51255 Tea Town Rd #9,Minnenooka,08-6069-1579,carri_palaspas@palaspas.net.au,ghanaland6,tH3)@$9$YqDq}
475,Onita,Milbrandt,93 Bloomfield Ave #829,Wagga Wagga South,02-1157-3829,onita.milbrandt@milbrandt.com.au,zbeiderbeckd7,wY0>bl.\FJ6
476,Jessenia,Sarp,5775 Mechanic St #517,Wansbrough,08-8878-5994,jsarp@hotmail.com,sdumked8,sG7{'8/N3Ie
477,Tricia,Peressini,3 Industrial Blvd,Pintharuka,08-4326-1560,tperessini@yahoo.com,aclined9,oJ2?v06.!PI
478,Stephaine,Manin,8202 Cornwall Rd,Eumundi,07-2031-6566,stephaine_manin@yahoo.com,rryrieda,vN0~DgVYoQ4
479,Florinda,Gudgel,53597 W Clarendon Ave,Halton,02-2501-8301,fgudgel@gudgel.com.au,vambagedb,"oI0<CO\#t""|E<GxB"
480,Marsha,Farnham,577 Cleveland Ave,Glenmore Park,02-5402-8024,marsha@farnham.com.au,nchomiczdc,kP9+vhP16R)|xG
481,Josefa,Oakland,259 1st Ave,Mccutcheon,07-5404-6221,josefa_oakland@oakland.com.au,gbarneydd,iL2@A@diMSaM
482,Deeann,Nicklous,79 Mechanic St,Pimpimbudgee,07-6382-5073,deeann_nicklous@gmail.com,brobeirode,cY2/bqmkV7Yv8yz
483,Jeannetta,Vonstaden,269 Executive Dr,Ilford,02-8222-9319,jvonstaden@gmail.com,bchesswasdf,kW0(\vEs15yZVPJf
484,Desmond,Amuso,79 Runamuck Pl,Caparra,02-1706-8506,desmond@hotmail.com,zlinkleterdg,fP5\yG)92sP%7B3
485,Trina,Bakey,31 Guilford Rd #7904,Duaringa,07-5922-1983,tbakey@bakey.com.au,jjillettdh,pK2`*.0~K6G@FDux
486,Ramonita,Picotte,504 Steve Dr,Weston,02-4360-8467,ramonita_picotte@yahoo.com,ttomczykowskidi,wH1}8hCPR}f
487,Temeka,Bodine,407 E 57th Ave,Clunes,02-2581-7479,temeka.bodine@gmail.com,bberforddj,rR4'H(nw&#(%7x
488,Bea,Iida,72 W Ripley Ave,Oakey,07-6984-9278,bea_iida@iida.net.au,rsidgwickdk,bP2_)4U\Y`Vi?/4D
489,Soledad,Mockus,75 Elm Rd #1190,Barton,02-1291-8182,soledad_mockus@yahoo.com,rkrolikdl,yW3'/gp{2
490,Margurite,Okon,32 Broadway St,Lanena,03-9721-7313,margurite.okon@hotmail.com,sloynesdm,tS1'<?d8Tr
491,Artie,Saine,41 Washington Blvd,Cora Lynn,03-3457-2524,artie_saine@yahoo.com,marnizdn,"pY6,f|)*H"
492,Major,Studwell,5 Buford Hwy Ne #3,Allora,07-1377-6898,major@gmail.com,ahaddydo,"wW6""3)~X)oce7"
493,Veronika,Buchauer,6 Flex Ave,Willow Tree,02-4202-5191,veronika.buchauer@buchauer.net.au,fbonifaciodp,zD3)=h'E_yP~e#z@
494,Christene,Cisney,21058 Massillon Rd,Keilor Downs,03-3630-2467,christene@hotmail.com,cimlawdq,oR8%6#TA|L
495,Miles,Feldner,28465 Downey Ave #4238,Barringun,07-8561-5894,miles@hotmail.com,tantaldr,nM2@aJjYSB
496,Julio,Mikel,2803 N Catalina Ave,Pilliga,02-6995-9902,julio.mikel@mikel.net.au,rmacquakerds,eP3&J@.<`tM)
497,Aide,Ghera,22 Livingston Ave,Rhodes,02-3738-7508,aide.ghera@ghera.com.au,ddrewesdt,jX3@+C'LlB9jkET
498,Noelia,Brackett,403 Conn Valley Rd,Castletown,08-3773-3770,noelia@brackett.net.au,lsavelldu,iO1`qQdXw+Rdnw_y
499,Lenora,Delacruz,5400 Market St,Turill,02-7862-5151,lenora@delacruz.net.au,lhackforddv,"xV0*ezJn'sA!n,"
500,Francoise,Rautenstrauch,2335 Canton Hwy #6,Windsor,519-569-8399,francoise.rautenstrauch@rautenstrauch.com,lantoniakdw,mF6((iix0fZ0$gE'
501,Kendra,Loud,6 Arch St #9757,Alcida,506-363-1526,kloud@gmail.com,fmcalroydx,"oK2?""6A~jV2<lL"
502,Lourdes,Bauswell,9547 Belmont Rd #21,Belleville,613-903-7043,lourdes_bauswell@aol.com,dgandydy,yW2(6et/
503,Hannah,Edmison,73 Pittsford Victor Rd,Vancouver,604-334-3686,hannah@yahoo.com,smishowdz,hL6|x\(Uv3
504,Tom,Loeza,447 Commercial St Se,LIle-Perrot,514-487-6096,tom.loeza@gmail.com,aorhte0,aP2(_SU@3
505,Queenie,Kramarczyk,47 Garfield Ave,Swift Current,306-421-5793,queenie.kramarczyk@kramarczyk.org,eelderse1,yB8!}Q'+
506,Hui,Portaro,3 Mill Rd,Baker Brook,506-827-7755,hui_portaro@cox.net,vroscame2,mO4\MldvMz
507,Josefa,Opitz,136 W Grand Ave #3,Delhi,519-788-7645,josefa.opitz@opitz.org,cpuckrine3,oU1>2lssO&O?_!f9
508,Lea,Steinhaus,80 Maplewood Dr #34,Bradford,905-618-8258,lsteinhaus@cox.net,tgandere4,bU0}LGI`
509,Paola,Vielma,58 Hancock St,Aurora,905-456-1117,paola_vielma@aol.com,nburnupe5,cU0~(O&0G@CP
510,Hortencia,Bresser,808 Calle De Industrias,New Waterford,902-256-6791,hbresser@aol.com,seannettae6,lS5/hl#P
511,Leanna,Tijerina,2859 Dorsett Rd,North York,416-719-2114,leanna@cox.net,thardwaree7,kO0)%uEnDHdaD7\
512,Danilo,Pride,6857 Wall St,Red Deer,403-212-4945,danilo_pride@hotmail.com,lkeablee8,jY4?sa?Q
513,Huey,Marcille,169 Journal Sq,Edmonton,780-639-3619,huey.marcille@gmail.com,udurrelle9,"iY6<LrO+*,s6"
514,Apolonia,Warne,3 E 31st St #77,Fredericton,506-978-1488,apolonia@gmail.com,ebrosiusea,sU6`B)hR'6
515,Chandra,Lagos,7 N Dean St,Etobicoke,416-716-6446,chandra.lagos@lagos.org,dmcgraneeb,fX7{nr`i#8r_
516,Crissy,Pacholec,85 S State St,Barrie,705-477-2307,crissy@aol.com,efiridolfiec,aR1?O7SDG!S
517,Gianna,Branin,100 Main St,Calgary,403-337-7162,gianna@aol.com,ntauntoned,uG3?1b&iEjm\b)
518,Valentin,Billa,6185 Bohn St #72,Pangman,306-291-5073,vbilla@yahoo.com,rkeaveee,bN0&Q(G?wz<@X.|<
519,Ilona,Dudash,2 Sutton Pl S #5727,Rouyn-Noranda,819-536-7034,idudash@dudash.com,dgillottef,fC2#YOQg7
520,Willard,Lablanc,1534 Sidco Dr,Leduc,780-384-5410,wlablanc@yahoo.com,vpretoreg,uS1`@xxv
521,Lauryn,Randol,4207 Leon Rd,North Vancouver,604-236-4625,lauryn@yahoo.com,pligertoneh,"yI8+""_P!o"
522,Laurena,Begin,7564 N Academy Ave,London,519-790-8660,laurena.begin@begin.com,tjakoubekei,aG2/G6%eJI
523,Elise,Michelle,88 E Saint Elmo Rd,Hamilton,905-652-4509,elise@gmail.com,agounelej,xS5>E1OF
524,Corrie,Kardell,75 Westchester Ave,Pierrefonds,514-203-7817,corrie_kardell@aol.com,hgoldesek,xK9!4lAj
525,Kimberely,Rabuse,89 W 35th St #1,Windsor,519-912-5533,kimberely.rabuse@cox.net,bbethamel,eV5_$6\eD'
526,Tish,Violett,1 Norris Ave #4095,Laval,450-840-7605,tish.violett@violett.com,gpentecustem,rQ1.gdWVb4)@k_R
527,Hollis,Stanfield,5174 Interstate 45 N,Yellowhead County,780-574-5620,hollis.stanfield@aol.com,bcunniamen,hR8.bzc>'4C(_9L$
528,Andree,Christmann,765 Rock Island Rd,Strathroy,519-872-6826,andree.christmann@cox.net,bgietzeo,lI8>{.#L
529,Lyla,Fucillo,7979 33  191,North River,902-844-1174,lyla_fucillo@cox.net,ftredgerep,yX4~R3|R0b``
530,Felton,Yafuso,202 Madison Ave,Ottawa,613-749-1169,felton.yafuso@gmail.com,cburvilleq,"hT7)X8=,WR"
531,Dell,Polino,56 Corporate Dr,Becancour,819-255-1725,dell_polino@polino.com,mfarndoner,lF3#q|(if1{abqW{
532,Nohemi,Leko,37 Us Highway 12e E #6,Sault Ste. Marie,705-838-9265,nohemi@aol.com,cpettettes,yX2>(fcwjuWI}
533,Tambra,Lembke,6734 W Jackson Blvd,Salmon Arm,250-353-7479,tlembke@lembke.org,rmulreanet,aM9{qDdznxh8GH
534,Vicki,Maikoksoong,7 Tomahawk Dr,Richmond,604-231-6180,vicki@gmail.com,cpoetzeu,vP2$4VbX+'
535,Renato,Airhart,1 Vernon Blvd,Calgary,403-444-2250,renato_airhart@hotmail.com,afurslandev,eJ3<W<J$JeMd'?
536,Lenita,Darbro,2726 Franklin Hill Rd,Vernon,250-749-4517,lenita@yahoo.com,ngauchew,wE9/>blzBX.'
537,Barney,Hagen,6335 Fort Myer Dr,Saint-Hyacinthe,450-526-5424,barney@yahoo.com,eharvardex,bJ5!&xV'X\
538,Matthew,Armacost,220 Old Us Highway 441,Peterborough,705-417-7221,matthew_armacost@gmail.com,cszanthoey,fD3*jQDA%&b_
539,Belen,Nelton,77 Central Pky N,Quesnel,250-768-5812,bnelton@gmail.com,shaithez,"zL9}`/3R,"
540,Iesha,Wardle,781 Alabama Ave,Etobicoke,416-989-2001,iesha@gmail.com,pwixf0,"mF8*fM""cP$fpau6"
541,Francesco,Sarchet,22 Dearborn St,Regina,306-524-4509,francesco@hotmail.com,gcarrierf1,kY0<yOzGV
542,Paulene,Rhule,21 E 64th Ave,Matane,418-348-2107,paulene_rhule@rhule.org,dscrubyf2,"cZ8$8i""xcSpQ+W"
543,Carole,Hughlett,9 N Central Ave,Abbotsford,604-262-8556,carole_hughlett@hughlett.com,bmckitterickf3,wG2)6}'M_d%FSH
544,Miss,Dunning,38 Douglas Rd E #39,Regina,306-508-8874,mdunning@gmail.com,dcheeneyf4,jH4'GBQx|Aha
545,Elfrieda,Hinsch,4929 Sidney St #8276,Vernon,250-454-9384,elfrieda_hinsch@hinsch.org,mgladdishf5,gO0'.Wf1NDSG)ytp
546,Edelmira,Calzado,4936 Walcott Rd,Regina,306-611-7185,edelmira@hotmail.com,grouzetf6,fV1/FGq+h+pn
547,Jaime,Wasurick,6760 E Fayette St #9,Saint-Damien,450-531-8633,jaime_wasurick@hotmail.com,bbenitof7,mQ8$1wdSLVz\#=
548,Lera,Hua,6638 S Webster St #491,Miramichi,506-556-4300,lhua@aol.com,vmorebyf8,tN9}~6TUz7X|2w*H
549,Jame,Mastro,4465 James St,Kitchener,519-920-7003,jmastro@aol.com,fhowickf9,kX5|_gDn+q3AZT
550,Jillian,Hailstone,8721 Everett Rd,Mississauga,905-864-2257,jhailstone@yahoo.com,rspittallfa,dG4<x.o*
551,Louis,Zarling,6 E Kingsbridge Rd,Stoneham-Et-Tewkesbury,418-568-3216,louis@zarling.com,cavramovicfb,jG4{PQwj}z?qdrR
552,Emmett,Mcshaw,920 Union Blvd,Sault Ste. Marie,705-581-1220,emmett_mcshaw@cox.net,vtowheyfc,"cU4,xH#W8mNmlA"
553,Tammy,Sams,5 Secaucus Rd,Nanaimo,250-226-1002,tammy_sams@sams.com,wwoolardfd,kY3@~.'6I
554,Willis,Wylie,646 9th St,Saint-Raymond,418-833-1949,willis@yahoo.com,farchbaldfe,zS0'SZk$y(grB
555,Maxima,Brzozowski,864 Aupuni St,St Catharines,905-569-6732,mbrzozowski@aol.com,baucklandff,"bN2~GX93.\""}5$*"
556,Boris,Latif,9390 Fortin Dr,Quebec,418-459-4884,boris.latif@latif.com,cdegnenfg,uY4?.{VX1%B4}
557,Salina,Knavel,4 Newark St,Arnprior,613-280-7170,salina.knavel@gmail.com,dwilberfh,sG8=q'G'A\pu{Y
558,Justa,Dini,8 J St,Vernon,250-982-9377,justa.dini@hotmail.com,dbundyfi,dN5>V`Tl>'zK
559,Amalia,Wolfgang,394 Dice Rd #861,Windsor,519-219-3608,amalia_wolfgang@wolfgang.org,bcoytesfj,xJ0&>k8UqZdZ82+
560,Felix,Tutterrow,92 W 39th St #9990,London,519-426-7161,ftutterrow@tutterrow.org,cwiltsherfk,vQ5_8h_d
561,Eura,Mcglocklin,9 N Monroe St,Lloydminster,306-979-2571,eura@mcglocklin.org,hrizzinifl,"uN5_>{l""6KH,+f"
562,Lang,Heuring,2 Global Rd,Cambridge,519-985-7311,lang@cox.net,cbillingfm,dL0+<vhPz9I
563,Agustin,Lakatos,23 E Wacker Dr #64,Becancour,819-365-5394,agustin.lakatos@hotmail.com,wcronkfn,nA6||f/BSSqF}3
564,Jaime,Lowrance,1 Nw 167th St,Winnipeg,204-438-6204,jaime.lowrance@lowrance.org,jrentzfo,hW1!qGpW{/4(m=Vg
565,Carman,Gudiel,1 Frontage Rd,St. Johns,709-366-8943,carman@gmail.com,ecaswellfp,lT2)N_D+6}NU
566,Argelia,Hofbauer,5 Columbia,North Vancouver,604-823-2881,argelia.hofbauer@cox.net,ocammackfq,"eY2$D01'""'8XW"
567,Mammie,Cisney,14 E 30th St,Montreal,514-205-4258,mammie@cox.net,dpratchettfr,vB3}d+P_|
568,Rashad,Menino,8 Commercial Ave,Carleton Place,613-697-2555,rashad.menino@menino.com,smosbyfs,"lS3""a@A!v."
569,Janna,Bastain,41 Drive  Hwy 54s S,Vancouver,604-575-7837,janna@bastain.com,bmatschkeft,xS1\%?MY~JNi1k2j
570,Callie,Neikirk,6601 Park Ave #9924,Mississauga,905-465-6909,callie.neikirk@neikirk.org,smilmoefu,sA0#W?tQ@
571,Coral,Helmcamp,4184 E 142nd St,Toronto,416-589-6075,coral.helmcamp@helmcamp.org,callportfv,"kQ2/\""'+"
572,Xenia,Mushero,1 El Camino Ave #39,Kingston,613-714-1829,xenia@aol.com,jfauningfw,fE5`b@6MM|k
573,Adelle,Nitcher,10 Midway Dr,Thorold,905-998-3758,anitcher@aol.com,vbiskupfx,rJ1&4$IT1K1x.
574,Hildegarde,Wehrwein,2 Cottman Ave,West Vancouver,604-960-7463,hwehrwein@gmail.com,ssimanenkofy,mI1~hK)l|b
575,Phuong,Sugai,8926 E 119th St #9,Lavaltrie,450-501-4406,psugai@gmail.com,dgrestefz,"dT1""U""Z5gj"
576,Leontine,Lafoy,191 Richland St #5,Quebec,418-271-8667,llafoy@aol.com,rosbourng0,hF3=Qt84%TV
577,Darell,Mcalarney,8 E 92nd St,Ajax,905-846-7737,darell_mcalarney@mcalarney.com,pglastonburyg1,eX8\GvfxV!(z0GI
578,Madonna,Landman,283 Andover St,Castlegar,250-307-7698,madonna.landman@landman.com,gbengtssong2,"yJ5.""B=@Nq"
579,Chuck,Berggren,764 Louisville Plac,St. Johns,709-534-6576,chuck@gmail.com,jdolbyg3,dJ9@dDarER<c#/
580,Gregg,Epperheimer,59 W Jackson Blvd #11,Lasalle,514-302-4158,gepperheimer@aol.com,asambrokg4,hS3}/EOV)QXy39v)
581,Yan,Bubrig,712 N 5th St,Grand Manan,506-493-4894,yan@cox.net,lslateng5,"oC1,<h?yY=w+}q"
582,Stephanie,Garlett,6 L St #1761,Kanata,613-557-7338,stephanie.garlett@gmail.com,bgristwoodg6,uM0+8`>Qab
583,Alberto,Stenquist,6126 E 14th St #6,St Catharines,905-435-9456,alberto_stenquist@stenquist.org,pmedcalfeg7,nR1'M!O%&K5!WWY
584,Wayne,Shivers,865 Ponce De Leon Blvd,Chicoutimi,418-374-1965,wayne@aol.com,mstocking8,oK9}1o3`X!8|C
585,Kristal,Bothe,896 Pershing Ave,Paradise,709-976-5766,kristal@hotmail.com,cjoanicg9,mM8~/<@=?
586,Florencia,Stadel,178 Riverdale Rd,Ingersoll,519-961-7871,fstadel@gmail.com,adarterga,dH0#0UO>LM!o_OO2
587,Darrin,Tumolillo,4 Pedretti Ave #2,Saskatoon,306-748-5721,darrin@tumolillo.com,esummerillgb,tE4*/{)9Z
588,Freeman,Rudig,4 W Sedgley Ave,Otterburn Park,450-347-6388,freeman@yahoo.com,rtiddgc,"hP9`w""S&ZaW"
589,Lazaro,Mollison,31 E Middlefield Rd #8555,Beloeil,450-356-6427,lazaro@gmail.com,dderdesgd,kP6~6&$C(e!hJJ4t
590,Ellsworth,Rieg,7662 Us Highway 46 #9003,Napanee,613-862-4724,erieg@hotmail.com,jyannikovge,"wQ4$Da2f_64u`T,"
591,Brinda,Mrkvicka,1 Park Ave,Newbridge,506-392-8334,brinda.mrkvicka@gmail.com,jyarhamgf,"wK4""48.MpfRdy"
592,Florinda,Mackedanz,2782 Midland Ave,Dieppe,506-230-8075,florinda_mackedanz@mackedanz.org,ddustgg,qM2.Ef\`VN~!@Y
593,Nadine,Swartzbeck,3 Federal Blvd,Beloeil,450-353-2331,nadine_swartzbeck@swartzbeck.org,csizegh,bY7*@R!eid{M63f
594,Arlette,Torchio,485 Rolling Rd,Lasalle,514-459-6883,arlette_torchio@hotmail.com,vtattersgi,"eD6,8{sB_"
595,Adolph,Krivanec,6605 Federal St,Etobicoke,416-736-1436,akrivanec@hotmail.com,wleonardegj,lQ7!a/g/BbX
596,Georgiana,Colbath,505 E 9mile Rd,Sainte-Therese,450-409-1254,gcolbath@hotmail.com,zlecontegk,tH9<!5bpUnqM
597,Rana,Lehn,32 Rocklyn Ave,Milton,905-286-8285,rlehn@yahoo.com,acoldbathgl,dM9?RckC!U(T
598,Chi,Morgan,2953 5th Ave #27,Saint-Raymond,418-922-5578,chi@gmail.com,fverrygm,"uL9+l@5<8g8,_x<"
599,Starr,Prothro,133 Us Highway 206,Chicoutimi,418-811-3750,sprothro@prothro.com,pbraneygn,qJ5<49\68A9/(/Y{
600,Glennis,Roseum,1 Pershing Ave,Brandon,204-514-9319,glennis.roseum@gmail.com,lgoldinego,pR9~)=Sxq
601,Thea,Petermeier,402 Santa Isabel Ave,Sept-Iles,418-360-6739,thea@hotmail.com,kmcgunleygp,nT9\s2ij5zsGaAD
602,Rosalind,Persechino,86 Shady Run Rd,Kanata,613-975-5760,rosalind.persechino@aol.com,oiannuzzigq,qC1(/>G$K
603,Shenika,Tapian,4 Collier Rd Nw,Ottawa,613-219-1869,shenika.tapian@aol.com,bantunesgr,fS9_<I5?0KpD1}P
604,Veta,Vandeberg,940 E Jefferson Ave,Juniper,506-996-1241,vvandeberg@gmail.com,klakentongs,uG2/9W+<AfD|
605,Herschel,Geneseo,7753 W 8th,Toronto,416-786-7887,herschel@geneseo.com,oibelgt,wY3|SR9*GQk
606,Dianne,Tomasic,53 6  17 M At Bradleys,Dartmouth,902-938-6891,dianne@yahoo.com,jmegsongu,cZ8{_uO)$M9
607,Micah,Gerten,103 Madison Ave,St. Johns,709-581-5842,micah@cox.net,abattaillegv,zS2>+Ow|1=vNxr
608,Kaycee,Alaibilla,8788 E 64th Ave,Vancouver,604-992-6045,kaycee.alaibilla@yahoo.com,knuttgw,hR8'uEut/0PVtbj
609,Tesha,Brang,831 Vanowen St #5,Montreal,514-432-5290,tesha@aol.com,nmichelingx,uF2`156s~oU
610,Marya,Chhour,661 Pitkin Ave,Calgary,403-382-4146,marya@cox.net,fwallsgy,"dU1#{M#,)Ha?,kj~"
611,Ronnie,Kettelle,3 Avenue Rt 295 #199,Halifax,902-367-7042,ronnie_kettelle@aol.com,ftroughtongz,jI1`<p*CR
612,Mabel,Fower,709 W Waters Ave,Chicoutimi,418-339-7473,mabel_fower@fower.com,glowdenh0,hI3#+avXX)xI
613,Harley,Works,27 Spring St,Woodstock,519-913-7772,harley@cox.net,dmcritchieh1,aK2`rp2=6
614,Joye,Nedman,9 Court St,Regina,306-991-3698,joye@cox.net,cmcclaryh2,wM8)ENm#Ms/+f
615,Luisa,Harnish,82 Westminster Blvd,Vancouver,604-399-1449,lharnish@harnish.com,cbaurerichh3,kU0}s*_<fL@nJ(
616,Stacey,Lortz,5039 Coffee Rd,Scarborough,416-310-1610,stacey_lortz@aol.com,vlatourh4,"oG6,GK,B}"
617,Reyes,Mesmer,9 E Thayer Ave #3,Hamilton,905-402-9203,reyes@mesmer.org,kstyanh5,gN1>J.TMEsf=V`P%
618,Avery,Demus,1 Highland Ave,Maple Ridge,604-548-4412,avery.demus@aol.com,tmikalskih6,"nH7""%8VRQ989p"
619,Colby,Scotts,7 E 1st St,Barrie,705-668-5094,cscotts@aol.com,myukhtinh7,qH1*9y6enw0|W
620,Afton,Wrinkle,652 5th Ave,Ottawa,613-851-7883,awrinkle@wrinkle.org,plewtyh8,eX2{@>/?ig
621,India,Sifford,162 Sunrise Plz,Toronto,416-866-6707,isifford@sifford.org,kminterh9,hI9|l\i#I6S*
622,Brunilda,Coin,300 Congers Rd #77,Saint-Paul,506-327-7460,brunilda_coin@aol.com,hbowlerha,"zU7%y$io*plw,"
623,Jenifer,Emanuel,78 152nd Ave #4179,Duncan,250-947-2063,jemanuel@emanuel.com,asentancehb,zL9`2)g9Oz|
624,Makeda,Nosis,956 Sierra Ave,Toronto,416-827-4082,makeda.nosis@yahoo.com,wrowlinghc,aM9<+y#2kQ
625,Vivan,Oppy,4696 Alewa Dr,Swift Current,306-325-3090,voppy@gmail.com,owalbridgehd,dW1!K%3uJ
626,Eric,Gazzola,732 Congress St,Saint-Georges,418-274-7373,eric@cox.net,cshortinhe,"gZ2|%{h8|RK!,Ez#"
627,Thersa,Davirro,863 E Mcdowell Rd,Kamloops,250-540-5275,thersa.davirro@aol.com,lclarkewilliamshf,yJ9$7~1U46H
628,Mindy,Presnal,82 Us Highway 111,Vancouver,604-213-8721,mpresnal@yahoo.com,rcloughtonhg,gH9|/<KLK
629,Luis,Metzner,8868 S Arroyo Pkwy #996,Trois-Rivieres,819-860-8913,lmetzner@metzner.org,vjoynthh,hB5~snC*4
630,Dawne,Mcloud,25 Keystone Xing,Stoney Creek,905-760-9649,dmcloud@cox.net,bdredgehi,"mV7`$8./?*""R"
631,Karrie,Kinikini,491 Main St #893,Kamloops,250-384-7658,karrie_kinikini@kinikini.org,glevenskyhj,tD7&ay6Gu2ur{.
632,Mozelle,Hermon,523 Spencerville Ct,Mount Pisgah,506-573-3112,mozelle_hermon@cox.net,hruzekhk,hF3#U|EI7/fwBl
633,Mila,Hair,515 S Main St,Saint-Leonard,514-945-2978,mhair@cox.net,charsnipehl,iA3!xpB?}#iBr
634,Gilma,Jefferys,147 E Centre St,Halifax,902-804-8543,gjefferys@aol.com,bnormanvillhm,tX3~9y}N?
635,Armanda,Mcduffie,989 Wyatt Dr #7,Cowansville,450-866-7181,armanda.mcduffie@hotmail.com,sbertelsenhn,iC4'>v48W>l<
636,Vonda,Normandeau,9891 Main St,Mirabel,450-706-3809,vonda@yahoo.com,lfrisdickho,kZ0)%PM$B)0
637,Truman,Mondale,1657 N Green St,Peterborough,705-757-7389,truman.mondale@aol.com,dgehringerhp,aS2.%6E2e9
638,Elvis,Tenuta,6437 Date Palm Dr,Calgary,403-415-1285,elvis_tenuta@tenuta.org,mbysouthhq,nX2&M=&z.T)$0_X
639,Loise,Dedaj,1062 Rd,Saskatoon,306-964-9291,loise@aol.com,jhounsomehr,"uP1@vYhL@fFRq,"
640,Jannette,Pedder,73 Madison Ave,Vancouver,604-953-5335,jpedder@pedder.com,dlummushs,nF2>Y0E|%F2V1
641,Margo,Rand,344 Lyndon St,Concord,905-781-3868,margo@rand.org,ifinlaysonht,iW0()f.MN
642,Dahlia,Benett,3986 Home Life,Alma,418-344-9993,dahlia_benett@aol.com,asiggehu,qR2$.szy
643,Dominga,Mckeon,68 Dd N #1,Trois-Rivieres,819-627-1581,dominga_mckeon@yahoo.com,vriderhv,dF3/Jag_j{
644,Hollis,Keomuangtai,27 7th St,Keswick,905-928-5294,hollis.keomuangtai@cox.net,aitzcovichchhw,yQ8)\vy.3fs
645,Carry,Ziller,8 Maynesboro St,Strathroy,519-847-8783,carry@cox.net,bsherreardhx,lT3`8*<i
646,Bong,Fears,7 State St #1,Pierrefonds,514-308-1992,bfears@fears.org,bhallowshy,sH7+Ssh2QfJ
647,Yolande,Staiano,21 N 14th St,Orleans,613-700-7712,yolande_staiano@gmail.com,eallibonehz,nG2\Z!BZ
648,Lottie,Hegdahl,45 W 21st St,Unionville,905-638-1034,lottie_hegdahl@aol.com,auffi0,xX8%cy~St04qFI
649,Jose,Kylish,93 Law Dr,Pierrefonds,514-211-3774,jose.kylish@aol.com,cbrosemani1,fF9\uutj3
650,Tuyet,Abramovitz,976 Cozycroft Ave,Richmond Hill,905-790-7938,tuyet.abramovitz@abramovitz.com,ehoweyi2,xW8#C8HYI!4
651,Pearline,Provenzano,611 S 2nd St,Concord,905-734-9102,pearline.provenzano@provenzano.org,etomainii3,qE7.h|uG9j
652,Robt,Hankison,3780 Ronson Rd,Quebec,418-874-8104,robt_hankison@cox.net,bglanvilli4,"eH1<wi""vDQ"
653,Shawnee,Kesten,5 W Irving Park Rd,Big Ridge,902-208-1038,shawnee@yahoo.com,kpeceyi5,yK4)+ltYVw(A@6t
654,Lacresha,Quinones,48 Bernardo Cent,Vaudreuil-Dorion,450-213-1080,lacresha@hotmail.com,spashbai6,eI9~PEHdcB0'
655,Basilia,Vinroe,45 S Wells Ave,Quebec,418-386-6120,basilia.vinroe@gmail.com,kelricki7,"kX7+Rs$\~|!""}"
656,Aleisha,Areizaga,960 Deming Way,Quebec,418-408-1640,aareizaga@hotmail.com,swootoni8,jX0*!YH*gJ(
657,Frank,Tryninewski,462 2nd St,Prince Albert,306-653-1772,ftryninewski@gmail.com,wanfreyi9,iR2|=s4MKA8u)YHe
658,Ria,Steinhorst,269 Commercial Dr,Jonquiere,418-319-1374,ria.steinhorst@steinhorst.com,rlawmania,qA3$FM79Z$M=x=
659,Carla,Kallenberger,8 Commercial Blvd #9,Hanover,519-646-7797,carla@aol.com,hdargavelib,qG6!3@Zfw5WKAV
660,Lashanda,Skahan,739 Stockton Ave,Gray Rapids,506-497-2698,lashanda.skahan@aol.com,dcuncarric,"cD1&*C""i`3w%tg~S"
661,Jarod,Catalina,60 Sunrise Ave,North Bay,705-369-2146,jcatalina@aol.com,bkohlermanid,rN3+<27lH
662,Leoma,Rabago,575 Washington St,Nanaimo,250-810-7815,leoma.rabago@hotmail.com,ahickeringillie,fJ5_V0eZVlZX
663,Yasuko,Greeves,4634 Anania Dr,Vernon,250-891-6910,ygreeves@cox.net,bdibernardoif,rC5}~M~'y(yH#2cl
664,Jimmie,Snelling,24 Sw Bridgeport Rd,Oakville,905-772-1416,jimmie.snelling@gmail.com,plarwellig,"lU6,T%k/}"
665,Titus,Dugre,419 N Dixboro Rd #8,Gatineau,819-983-1846,titus.dugre@dugre.org,ncullivanih,uR9{qGS'
666,Joanne,Teoh,1 W Sierra Madre Blvd #9985,St Catharines,905-219-6895,joanne@yahoo.com,jgalgeyii,"sX8!*t+"""
667,Suzi,Groom,9 W Jackson Blvd,Surrey,604-700-2946,suzi.groom@groom.org,sloxstonij,"aE0),T{wc*"
668,Denny,Amazan,4974 Rockburn Hill Rd #3,Surrey,604-239-4105,denny@amazan.com,rstockneyik,jY6{Bd)~
669,Willie,Coughlan,8545 S Westshore Blvd,Cantley,819-869-6389,willie@aol.com,dhatzaril,wV9<u7INX
670,Margurite,Brake,258 S Ash Ave,Amherstburg,519-476-5983,margurite.brake@yahoo.com,cuccelliim,fO0?uLR=zmYrS$Zg
671,Arlen,Romack,1 W Green Bay St,Saint John,506-218-3036,arlen.romack@yahoo.com,rtenauntin,pE4#Ja|z`N90Q?+8
672,Shaniqua,Corna,8 Sylvan Ave,North York,416-573-9093,shaniqua@yahoo.com,rettyio,qW7@w~Wf|P
673,William,Boccard,9 Clove Rd,Pointe-aux-Trembles,514-606-4631,william@gmail.com,rsweetmanip,"cN2~XG,$eRT<62>~"
674,Silva,Riviere,10 Canal St,Pierrefonds,514-319-4125,silva.riviere@riviere.org,hthackstoniq,gI9'?'eM<NBNUn=
675,Gearldine,Haberle,62 N 3rd St,Calgary,403-810-3712,gearldine_haberle@hotmail.com,eflucksir,"sO5,=>aLsO"
676,Azalee,Aja,2607 Market St,Chateauguay,450-515-9694,azalee.aja@cox.net,mbiscombis,oO5!&mg#TC$w
677,Kimbery,Plikerd,62 15th Ave #63,Duncan,250-504-9388,kimbery.plikerd@cox.net,pgilbaneit,uX4.vpm>1|V{7
678,Ricarda,Kratt,1 Clairemont Mesa Blvd,New Glasgow,902-614-2197,rkratt@yahoo.com,wblankauiu,"zH5/,GJA$&A$|OG"
679,Macy,Massay,6 N Water St,Dauphin,204-656-8450,macy@hotmail.com,rshanahaniv,"tM7$m%7rd\,U#"
680,Carol,Normington,1 S Kresson St,Alma,418-540-2207,carol@gmail.com,vnuddiw,"wT9,'_A$\.!3|>M"
681,Blythe,Czaplinski,4 S 4th St,Calgary,403-775-4053,blythe_czaplinski@czaplinski.com,mboostix,pA0>zpq?ZS81LN
682,Tanesha,Tesseneer,326 Witherspoon St,Etobicoke,416-568-3388,tanesha_tesseneer@hotmail.com,aanmoreiy,tZ3~YAniBlg_og
683,Yaeko,Orndoff,66 Hoffman St,St Thomas,519-625-4433,yaeko_orndoff@orndoff.org,adegregorioiz,"qA8_rGxF,"
684,Broderick,Lorenz,185 Davis St,Saskatoon,306-285-1574,broderick_lorenz@hotmail.com,emcmichanj0,"xA9{f""9u&J}t&n+"
685,Twila,Shadle,20 Simpson Ferry Rd,Victoria,250-862-6746,tshadle@shadle.com,jbourdasj1,"tB2|j|5<I8E,"
686,Sarina,Pead,7821 16th St Nw,Ajax,905-696-6221,spead@cox.net,ajimej2,yU7&1#o`$r
687,Candra,Peets,9 Pulaski Park Dr #7,North Bay,705-799-1235,candra@hotmail.com,cstanwayj3,"rB1=$d67F{A"""
688,Von,Aprigliano,63 Baronne St,Port Moody,604-986-3233,von@aol.com,jcomerj4,sZ7*(o87}S
689,Natalya,Verso,74 Chestnut St,Kitchener,519-736-9305,natalya_verso@yahoo.com,mhellewellj5,sI3\1|%QB<
690,Stanton,Rigazio,4 Smith St #5,North York,416-801-7398,srigazio@rigazio.org,dcaurahj6,yU4)A1dpbK$
691,Dona,Larner,4298 E Drinker St,York,416-884-9104,dona@hotmail.com,wstickelsj7,qP6=DHH9G_V&6n
692,Cortney,Choice,80 S 33rd Pl,Greenfield Park,450-339-6016,cortney.choice@choice.com,wharcej8,"nH3,Dq.=N/ep=M"
693,Ira,Betterton,935 S Padre Island Dr,Halifax,902-240-7029,ira.betterton@yahoo.com,swimletj9,nC4>rPZ!NP?=!P
694,Vanna,Pickle,3 B Main #117,Newmarket,905-309-4565,vanna_pickle@aol.com,bbrineja,"yH4~,rgpJ{N"
695,Bo,Sabota,779 Moore St,Winnipeg,204-210-4967,bo_sabota@sabota.com,mwilcottjb,lX6%YBy+9}X\
696,Nathalie,Corners,14 Van Buren St,Peterborough,705-736-4801,nathalie_corners@corners.org,jlarensonjc,gE5@csOMO
697,Rodney,Lockamy,7 N Us Highway 67 #96,Ottawa,613-273-5773,rodney_lockamy@aol.com,cfosseyjd,iO4\!|zRk<K!H
698,Elena,Hairr,31 Mechanic St #9839,Stephenville,709-399-4807,ehairr@hotmail.com,dtunnadineje,"iC1\Lm%%C+""=}M"
699,Blossom,Kraatz,881 Route 38,North York,416-631-1863,blossom_kraatz@kraatz.org,scollardjf,tZ3`>Htq+<?\f
700,Loreen,Griepentrog,6 Monard Dr,Orleans,613-684-4467,loreen_griepentrog@aol.com,bdrohanejg,zB0)(H%#Za
701,Tayna,Keirnan,18 Cowesett Ave,Barrie,705-655-5936,tayna_keirnan@gmail.com,iliccardojh,pH0)$|z5ich
702,Nieves,Planty,684 Albion Rd,Peterborough,705-616-5386,nplanty@gmail.com,caslinji,tB8{e7z~~>~y5_0o
703,Glenn,Robinault,8700 S Jefferson Rd #676,Lachine,514-330-5479,glenn.robinault@cox.net,kstrippjj,pB6~K1cEi
704,Julianna,Racer,4407 Chestnut Ridge Dr,Saint John,506-752-6097,jracer@cox.net,kwrattenjk,hY5`knRXwQE7hl.
705,Ashton,Nitchals,13 Midway Pl,Oakville,905-725-6769,ashton@cox.net,amccurriejl,kZ0)rNA\Rv8x
706,Shaun,Scovil,253 Hamilton Ave #1684,Pickering,905-907-6615,shaun_scovil@aol.com,srosenbladjm,"mQ2*WGh(,T{"
707,Long,Shintaku,8 W 41st Ave,Blainville,450-771-5010,long.shintaku@shintaku.org,jrodingerjn,bO0*RruvV#3d2P!7
708,Vinnie,Meir,559 Bridge Plz,Etobicoke,416-862-7028,vmeir@meir.com,dparsandjo,hP6{a}0H
709,Lucia,Flipp,196 Touhy Ave,Scarborough,416-870-8070,lucia@aol.com,avalenssmithjp,sG3|V%Hm2
710,Corazon,Ivaska,6 W Lincoln Ave,Saskatoon,306-333-8933,corazon@ivaska.org,hwilkinsjq,lV0.#Ng!
711,Jaime,Perugini,7071 E 7th St #56,Verdun,514-950-4495,jaime_perugini@perugini.com,cfulopjr,jJ7=v{U}
712,Miriam,Stakes,784 Packerland Dr,Burlington,905-441-5009,miriam.stakes@yahoo.com,bserridgejs,"gT0/W""y85"
713,Vallie,Nigl,7823 N 36th Ave,North Vancouver,604-848-3170,vallie@yahoo.com,bhalseyjt,kO6*n?lMY
714,Sheldon,Isachsen,35 Milnor St,Valley,902-330-7314,sheldon@isachsen.org,jlinscottju,gI8`bsePntEeDd'
715,Nickie,Balonek,7 Saint Nicholas Ave,North Vancouver,604-556-1080,nickie.balonek@balonek.com,tczaplejv,aI7+26NNmL
716,Fletcher,Caneles,87 Spencerville Ct #2,Hamilton,905-992-1637,fcaneles@caneles.com,esagarjw,rS5_PgNszk
717,Rutha,Eisert,87 W 32nd St,Niagara Falls,905-468-2503,rutha@eisert.com,hlonerganjx,fI5&z\D5r_a(
718,Brandon,Geigel,70 W Main St,Vancouver,604-940-9313,bgeigel@gmail.com,fgaspardjy,jT1#~D@WVWtoD
719,Franchesca,Lamme,3208 W Touhy Ave,Charlottetown,902-715-9684,franchesca_lamme@yahoo.com,bmayhoujz,"iG1/xBvZ"""
720,Lorriane,Naddeo,7 Airway Cir,Duncan,250-544-1482,lorriane.naddeo@naddeo.org,acarlettk0,vY1}}*@6JNv}
721,Asuncion,Berson,54 Whitaker Way,Reinfeld,204-318-1929,aberson@aol.com,ygodsmarkk1,fF2(4nkO
722,Georgiann,Hoerter,4945 Progress Dr,Grand-Mere,819-632-2869,georgiann_hoerter@hoerter.com,ikewleyk2,iE6`&*9WBfrC
723,Hershel,Bultron,658 W 30th St,London,519-844-4835,hershel_bultron@bultron.org,gnaismithk3,eS3?S30fhr
724,Chu,Collopy,8 E 9mile Rd #697,Trois-Rivieres,819-677-1206,chu@aol.com,gbiasinik4,rK0}f4v!tK%PT~
725,Bettina,Vosmus,7 Ryan Industrial Ct,Vancouver,604-752-9256,bettina@hotmail.com,kcogswellk5,tU6#)5{@
726,Lynsey,Sport,7 Mccrea St,Chilliwack,604-525-6939,lynsey.sport@aol.com,vmuckeenk6,hG5*~20S(
727,Phil,Kuechler,7 Mcwhorter Rd,Jonquiere,418-940-4070,phil_kuechler@gmail.com,rvasilek7,rZ0?Sssc
728,Cordelia,Nicks,572 Simpson St,Georgetown,905-975-4308,cnicks@nicks.org,pbiaggik8,zJ0@5B8J
729,Georgeanna,Marrano,3493 Camino Ruiz,Hamilton,905-366-7378,gmarrano@gmail.com,hsollarsk9,"aF6,Hl6q+=8v20J'"
730,Rosendo,Lanter,2052 E Semoran Blvd,Regina,306-700-6743,rosendo@hotmail.com,mkennefickka,"iI7,oh6D\n!Y'"
731,Jerilyn,Norcia,9 Main St,Hanover,519-978-7661,jerilyn@hotmail.com,stitekb,"qE1<FaWtT/""?Te`<"
732,Elfriede,Bakeley,538 Fayetteville Street Mall,Grand-Sault/Grand Falls,506-404-8558,ebakeley@bakeley.com,mdeverauxkc,pX5.bI2qI
733,Harris,Sheck,9875 Sheafe Rd,Montreal,514-257-9319,harris@cox.net,cfomichyovkd,vH5>>oW~$3uGfo
734,Leonor,Beilinson,269 Distribution Way,Orleans,613-338-5158,leonor.beilinson@hotmail.com,landrichukke,mE8@fLD)SrLP_E
735,Terrilyn,Waska,6 E Miraloma Ave,Gatineau,819-670-6020,terrilyn_waska@hotmail.com,eputnamkf,"oF1,&O`rN"
736,Maddie,Foulds,56 N Wood Ave #25,Montreal,514-874-9519,maddie@hotmail.com,jdraytonkg,gJ8+`K#FJk5H>.P'
737,Melynda,Anstead,3 Lee Dr #8435,Longueuil,450-470-3593,melynda@hotmail.com,cclaussenkh,lE6\qtnV7R|h
738,Odette,Thigpen,1831 Everett Rd,Corner Brook,709-744-4165,othigpen@thigpen.com,cwilseyki,nH3`nyR@Wu8KGF'
739,Steffanie,Meinen,801 W Belmont Ave,Montreal,514-964-9106,steffanie.meinen@cox.net,oblosekj,iB5`J#AMTT>
740,Antonette,Stimac,61 N Westshore Blvd,Kitchener,519-670-5269,antonette_stimac@stimac.org,ljackwayskk,yL2@0Axt#yK?
741,Thora,Daneker,6 Old York Rd,Gatineau,819-648-4049,tdaneker@daneker.com,kmellandkl,dR6.M=\h9L2E4y
742,Nada,Massanet,80 Sw End Blvd,Surrey,604-570-1494,nmassanet@yahoo.com,srichmondkm,cI1&X4os8I
743,Ivette,Dills,7585 Calle De Industrias,Reserve Mines,902-244-5318,idills@cox.net,hsteckingskn,"eZ8?,R!P}tKx"
744,Devon,Delacerda,250 University Ave #9,Comox,250-525-4631,devon@hotmail.com,dveillardko,gF2+ia*fGPkV4h
745,Lon,Tibbles,78 Eastway Dr,Mississauga,905-233-1845,lon.tibbles@cox.net,mocorhanekp,lR9~94*cs'~(H
746,Tennie,Santanna,196 Waterman Ave #1,Trois-Rivieres,819-261-5496,tennie@aol.com,bskaifkq,nJ4{fdrHCT
747,Fidelia,Vilven,9 Meridian St,Scarborough,416-892-4321,fvilven@vilven.org,adorricottkr,tD7.eg_NWoF
748,Michal,Gunyan,9514 Mount Vernon Ave,Quebec,418-399-6819,michal_gunyan@gunyan.com,bfayks,"iK1@W5.I`@H{/""!E"
749,Enola,Yandow,7 Sw 5th Ave,Dartmouth,902-539-1621,eyandow@cox.net,kschechterkt,bU0~}#6h1a63
750,Meghann,Mamudoski,7675 N Solano Dr,Hebbville,902-348-8759,meghann@cox.net,etwydellku,jW8&sXKB45WY}mb\
751,Latanya,Mattia,8229 S Washington Ave,Portage la Prairie,204-649-9481,lmattia@yahoo.com,cmarlingkv,rZ9'u#BWX?+t4L
752,Chandra,Firlik,686 S Dupont Hwy,Oshawa,905-451-3719,chandra@gmail.com,dsmallpeicekw,eO6#TmU9=7!qNf1
753,Barney,Dewer,88 Norris Ave #2,Bedford,902-287-1148,bdewer@gmail.com,egrivorikx,kO4=.+09!{3H
754,Ocie,Chreene,72 W Hampden Ave,Orleans,613-756-9548,ocie.chreene@aol.com,sstaddomky,pI7+M/ji4l('o
755,Precious,Dubray,846 Middletown Blvd #427,Orillia,705-607-6992,precious.dubray@dubray.com,evedenisovkz,cH5{&mUdBPLR6ea
756,Sanda,Laramie,5181 N Alma School Rd,Dawson Creek,250-700-8923,slaramie@laramie.org,mstychel0,bG5_9|G9+
757,Gaynell,Benavente,71 W Indian School Rd,Thunder Bay,807-284-2501,gaynell@hotmail.com,snoseworthyl1,vW4_1&q}.0l
758,Bethanie,Cutsforth,5 Victory Ave,Cambridge,519-328-4250,bethanie_cutsforth@cutsforth.org,pfoystonel2,"tL2""9S2r)Dk?2"
759,Yvette,Capiga,33 Broadway St #8539,Big Valley,403-919-6456,yvette.capiga@yahoo.com,clenneyl3,kB7`>)1Fa~G<c
760,Alana,Blackmon,96 Hook Rd,Scarborough,416-386-8947,ablackmon@gmail.com,rkinsellal4,"pT2*bGCi,eOm8"
761,Lakeesha,Beachel,1 Sw 72nd Ave,Chilliwack,604-352-7502,lakeesha_beachel@aol.com,jgouldl5,hC2*C+kPYZ
762,Ailene,Friedman,479 Commerce Park,Enterprise,506-907-7068,ailene@yahoo.com,fthiesel6,eX8~?HB{
763,Valene,Madson,42 Main St,Alma,418-646-3844,valene@madson.org,reveredl7,zG7~s2X>ah
764,Floyd,Bub,4701 N Cocoa Blvd,Toronto,416-557-9767,fbub@bub.com,egazzardl8,"bA3*,CO~"
765,Josue,Hatherly,755 135th St,Etobicoke,416-337-2239,jhatherly@hatherly.org,airnisl9,cF7!fclM3`R2
766,Johnathon,Wadden,4714 S Main St,Peterborough,705-646-2781,johnathon_wadden@hotmail.com,pelleynela,pF3!n>DSRMN
767,Kenneth,Drizin,2 Scott Blvd,Amos,819-999-6396,kdrizin@aol.com,gturnelllb,iI2?'kBcYgw/mJA
768,Leila,Titzer,9 Constitution Ave,Calgary,403-733-8035,leila_titzer@aol.com,cmathoulc,iZ1%Dl@{K
769,Marquetta,Quinlisk,2965 Lake Lizzie Dr,Mont-Royal,514-950-3156,marquetta_quinlisk@aol.com,rbalserld,zJ9<z?JNMcG)
770,Annamae,Beliles,8939 Merrill Field Dr,Burnaby,604-877-2244,abeliles@gmail.com,rbabarle,cZ4$=J!c\mG
771,An,Dosal,8 Leoole St #3,Drummondville,819-324-8832,adosal@hotmail.com,aleynhamlf,hN7$}o%Ek
772,Karina,Cortesi,901 Broughton Ave #7,Saint-Bruno,450-252-9611,karina_cortesi@hotmail.com,kwapplelg,rK8=jv}<KJ
773,Otis,Luong,263 L St #1255,Simcoe,519-739-4515,oluong@gmail.com,mdomenylh,tO2%bGAI&1R`$0V
774,Brendan,Kasperek,84 L St #98,Coquitlam,604-947-9315,brendan_kasperek@yahoo.com,sbewfieldli,"iR1_""m<ngVtiF2vx"
775,Keith,Evartt,973 El Camino Real,Derby Junction,506-229-5393,kevartt@evartt.com,tilifflj,oC7|/~FuBT(W\
776,Paulina,Arand,5652 Wisconsin Ave,Winnipeg,204-636-8766,paulina_arand@cox.net,fsunshinelk,fV9~RWesa
777,Cherelle,Welschmeyer,2 Ramona Ave #6,Guelph,519-322-9933,cherelle@hotmail.com,rosheall,"kZ4~DE!9Zkyx'dv,"
778,Percy,Neelon,901 Highway 74,Rimouski,418-537-1430,percy_neelon@cox.net,ediamentlm,rY1`j\>LhCjF
779,Margot,Storrs,237 S French Ave,Woodbridge,905-309-5010,mstorrs@cox.net,swarretln,sR5`FC72(Q9L#eNo
780,Paris,Bellis,89 Parade St,Woodstock,519-909-5933,paris@gmail.com,rrosgenlo,jT4(ZThee.YB=Q.S
781,Sina,Masiejczyk,3067 W Wabansia Ave,Etobicoke,416-369-7013,smasiejczyk@cox.net,creschkelp,aY7&|jJR
782,Kimi,Selfe,2 W Kellogg Dr #5,Jonquiere,418-795-3880,kimi@cox.net,ddouganlq,qJ9}lI_oSoRB
783,Chun,Richrdson,3 Aiea Heights #660,Regina,306-245-2534,chun_richrdson@richrdson.org,oguytonlr,"gN4~7<+~kVg9)=,p"
784,Lelia,Thiemann,440 Town Center Dr,Kamloops,250-671-3851,lelia.thiemann@yahoo.com,dmifflinls,pQ1'$9NdIc_e
785,Cordell,Zinda,91 Argyle Rd,Sherbrooke,819-508-6057,cordell_zinda@cox.net,llindrooslt,lY3!BoUAkNTe5oKe
786,Dorothy,Aitken,4 Hanover Pike,Mississauga,905-554-3838,dorothy.aitken@cox.net,eandrysiaklu,dD9&1iM}C9
787,Chauncey,Mcelreath,615 Main St #3722,Vanier,613-908-7090,chauncey.mcelreath@yahoo.com,jworklv,"oJ3\*%gD,H"
788,Tenesha,Stropko,648 Waihona St #1152,Cardigan,506-629-6209,tenesha.stropko@aol.com,jsearleslw,uX7=Em>VkNp!
789,Anjelica,Lovero,689 S Steele St #1887,Amherst,902-386-1443,anjelica@lovero.org,fbirkinshawlx,"lY8,mk`""R92c0sP+"
790,Olga,Adessa,8507 Upland St,Burlington,905-775-6413,oadessa@cox.net,ghanniganely,pN0|giNot
791,Monte,Tindal,577 Page Ave,Laval,450-637-6499,monte@cox.net,rmorrisseylz,gQ1(@|<LuBb4}
792,Pamela,Mccoskey,6 West St #2,Terrebonne,450-282-1236,pamela.mccoskey@gmail.com,gdumbrillm0,oQ9_94UBv?V
793,Toshia,Lippoldt,7 Duluth St,Stoneham-Et-Tewkesbury,418-759-7863,toshia_lippoldt@aol.com,csollimem1,rB6$AS?(
794,Polly,Sandusky,39 Logan Ave #9518,Hamilton,905-705-6018,polly.sandusky@cox.net,ploverockm2,iW3\7!Ckx
795,Judy,Boerboom,384 N Main St,Paradise,709-560-7848,jboerboom@boerboom.com,tshordm3,"oR8,VvLm5B*1~ZO2"
796,Celestine,Pritt,79 E 92nd St,Ottawa,613-875-3120,celestine_pritt@cox.net,cwarrem4,pA6*#\iPrP``
797,Murray,Fode,59 W Century Rd,Pointe-Claire,514-921-5562,mfode@yahoo.com,dhavvockm5,gC9$IfY8bt_sp
798,Shoshana,Courter,8763 N Front St,Windsor,519-396-2906,shoshana@courter.org,wwoodwinm6,qN3<cWz=O2d
799,Glendora,Pezley,2 80e E #7867,Edmonton,780-508-2609,glendora.pezley@cox.net,bcrasswellm7,"xO6.NKPG,T5DlK"
800,Carlene,Kana,541 N 88th Ave,Brantford,519-930-5055,ckana@kana.com,ebrisem8,fD7}uW/P9E.\{S2
801,Adria,Gilliam,60 15th Ave,Hamilton,905-563-9396,adria_gilliam@cox.net,dwigsellm9,pC5`z#BT<0Q6Mqo=
802,Paola,Perkins,3951 Seaway Dr,Grande Prairie,780-573-8903,paola.perkins@aol.com,clinkleterma,lG1?y#7qk=%
803,Elina,Maury,2097 N Stonestreet Ave,North York,416-582-4379,elina.maury@hotmail.com,abrastedmb,cT9#GS8S(GS4
804,Emile,Dorio,264 Jefferson Hwy #83,Saint-Bruno,450-529-3773,edorio@cox.net,acubbinomc,rS3/7L`dSYE|nDBH
805,Zoila,Lannigan,40 N Dean St,York,416-322-9207,zlannigan@aol.com,kcobbingmd,xU6'=CoaZ{Hpt4
806,Yong,Yestramski,365 Zebra Pl,Brantford,519-344-3979,yong_yestramski@aol.com,legleme,lW0.G&yI
807,Leontine,Stalma,859 Franquette Ave,Simcoe,519-641-7145,lstalma@stalma.org,erontschmf,fV2'x\513
808,Troy,Dicus,58 Calle Arroyo,Trenton,613-938-7999,troy_dicus@yahoo.com,adoylymg,"bE3!k=g""r""qd(#|G"
809,Annamaria,Vanhuss,8348 1st Ave W,Dundas,905-495-3301,annamaria.vanhuss@cox.net,acastagnerimh,uI0|1pGaS0g=x
810,Dorothea,Lowther,2763 Fort Campbell Blvd #7554,Sudbury,705-793-4986,dorothea_lowther@yahoo.com,rbassfordmi,oZ9|M5%Xt_DlL
811,Marion,Letran,5670 Leonis Blvd,Gatineau,819-966-7240,marion_letran@cox.net,fdestoopmj,nY9\Wl97c
812,Avery,Masso,6 Central Ave #664,Amherst,902-588-8947,avery.masso@hotmail.com,cphillpottsmk,jJ2#rs.~{Ug
813,Trinidad,Bredernitz,75 N Washington Ave,Lasalle,514-561-2312,trinidad@yahoo.com,gpickettml,lI2>#q3Cm
814,Herminia,Penso,880 W South Water Market,Fort McMurray,780-740-5294,hpenso@cox.net,anicolsonmm,hS3(TVE~?t6v?F
815,Val,Bigaud,42 N 16th St #620,Montreal,514-726-2573,val_bigaud@aol.com,hbeardsellmn,bD4*uycX{D
816,Renay,Oviedo,873 E Cumberland St,North York,416-336-6767,renay.oviedo@oviedo.com,anesbymo,"xN3"".}OaCEs`5(A"
817,Buck,Kotow,863 Mcgilchrist St Se,Thunder Bay,807-668-2676,buck_kotow@aol.com,ggregoracimp,nP7`K.r|Z@2TT
818,Toi,Rollison,2 S Church St,Terrebonne,450-714-2875,toi_rollison@rollison.com,rcodamq,tT1@%_DVy+'r+
819,Shanice,Pennel,31 N Canal St,Kingston,613-850-3405,shanice.pennel@pennel.org,rbartosekmr,uC5.(`=Y&ni7l@3
820,Oliva,Ramerez,8688 Manning Blvd #547,Calgary,403-690-1059,oramerez@yahoo.com,mjeacockems,rN0`h#ifnG+wEV
821,Tamera,Crocker,652 Pacific Hwy,Edmonton,780-833-7024,tcrocker@cox.net,rsharlandmt,jW8/wMr_BDewWe
822,Melvin,Rather,8794 34th Ave,Drummondville,819-418-3496,melvin.rather@aol.com,mpykermanmu,aJ8.NM$**!.lX2`
823,Essie,Fitzke,9 3rd St,Welshpool,506-785-2719,essie_fitzke@fitzke.org,zbeneditmv,cV0>rnzG(/*z}
824,Shay,Knieper,571 Maiden Ln #7,Brossard,450-806-3050,shay.knieper@gmail.com,agaleymw,pW3&!=s&(v>
825,Ruby,Sensibaugh,637 Wright Rd,Coquitlam,604-553-2468,ruby@sensibaugh.com,azmitrukmx,hL5?qq$IH>Mr0Mh
826,Caren,Doscher,1770 Mission Ave,Calgary,403-344-3614,cdoscher@doscher.org,wizacmy,tE9)h03k
827,Frank,Amend,2583 Lincoln Blvd,Cambridge,519-823-9369,frank@yahoo.com,nkarmelmz,pB8$Bc?5Re|F~
828,Lasandra,Frisinger,1 Highway 71 S,Abbotsford,604-210-7413,lfrisinger@cox.net,mboadbyn0,xO5`I##Sofb
829,Sommer,Frere,1309 Pitney Rd,Saint-Hubert,450-777-9643,sfrere@yahoo.com,prosenfarbn1,"cV9'e+$"")s7SF_?b"
830,Gretchen,Mckeon,809 W Bayshore Rd,Trail,250-617-7197,gretchen.mckeon@gmail.com,rellerbyn2,wW1\VrD18
831,Providencia,Marien,83 Magnavox Way,Ottawa,613-256-5226,providencia.marien@marien.com,bboultwoodn3,bF6\*apY
832,Lindsey,Arnoldi,87 Via Contenta,West Kelowna,250-387-4636,larnoldi@arnoldi.com,gsandisonn4,gR6#gK@z1rOm92/
833,Romana,Riesgraf,986 Whitaker Way,Moncton,506-310-3728,romana_riesgraf@hotmail.com,saleksichn5,yU3=w8ucM*4Xnoq5
834,Nobuko,Logwood,612 York St,Sarnia,519-739-4745,nobuko.logwood@cox.net,kvenourn6,nA6?tnYtH%4!
835,Shawnna,Arredondo,4 N Brand Blvd,Orleans,613-996-1062,sarredondo@arredondo.com,mnewensn7,pH4=5$v#<U
836,Doyle,Hathcox,48 Market St,Prince George,250-227-4140,doyle.hathcox@aol.com,estenern8,lS8&IXbtbGS0)WlM
837,Jacinta,Deppen,1458 W Henry St,Nelson,250-203-5054,jdeppen@cox.net,fzannotellin9,gN3|lHii
838,Tawanna,Kuamoo,380 Main St,Matane,418-734-9693,tawanna_kuamoo@gmail.com,sborthena,"jS0,UO,=WDB>BwKK"
839,Christa,Cloutier,743 Wolfert Ave,Calgary,403-461-2407,ccloutier@hotmail.com,lmorfeynb,vR3.>y=z2*DX
840,Noe,Kotz,3878 Little John Way,Salt Spring Island,250-901-1245,nkotz@kotz.org,crennenc,"mG2|""e&UP"
841,Ellen,Fajen,32 Marguerite Pky,Edmonton,780-720-7927,ellen.fajen@aol.com,gkleinstubnd,hB5&(bkY5W9lTS{@
842,Tequila,Pelletier,6173 Landmeier Rd,Richmond Hill,905-692-6934,tequila_pelletier@cox.net,aprucknerne,aL1@MC@=S%F
843,Tawny,Bonventre,5 Middletown Blvd,Richmond,604-632-4346,tbonventre@aol.com,chazlegrovenf,nH2#)65l{(Ps=EPR
844,Rosalyn,Mcspedon,449 Oakwood Ave,Kingston,613-362-7798,rosalyn.mcspedon@mcspedon.org,joculliganng,cT5|eBxL}R~}b
845,Noble,Miyata,7059 E Kilbourn Ave #252,Tillsonburg,519-346-6651,noble_miyata@gmail.com,cmccardnh,rL3|PnN1L1IUh
846,Lucille,Hubbell,8 General Dr,Nanaimo,250-904-7361,lhubbell@yahoo.com,jsweetmoreni,"iS3#p|,I=O#1,aw)"
847,Azzie,Tuazon,5518 Whippany Rd,Oakville,905-208-4039,azzie.tuazon@hotmail.com,mmcairtnj,pQ5?jhC9|=Xw/#P
848,Darci,Arau,2 Hill Rd,Trois-Rivieres,819-294-4679,darci@cox.net,pkistingnk,dA1{L+)i
849,King,Suman,79 Lexington Ave #83,Chicoutimi,418-470-4541,king@cox.net,wseftonnl,oX7!cS!TX
850,Denny,Zeanah,339 W 1st St,Montreal,514-224-2722,denny_zeanah@zeanah.com,cclemittnm,cS5|=e`Bj5jPzx
851,Anissa,Frayer,7635 Run Subdivision,Surrey,604-925-4225,afrayer@frayer.com,igreystocknn,"bK7(CQ""CdRN""Zq"
852,Rosann,Heinricher,91 Nw 52nd Ave,Mirabel,450-474-6397,rosann_heinricher@heinricher.com,lfurbyno,tO8).RBC2VZR<$6
853,Jeannine,Rippy,7767 W Central Ave #2,Truro,902-811-1450,jeannine_rippy@rippy.com,apithericknp,oC5_$DB?!JV
854,Lashaun,Casteneda,894 Feather River Blvd,Edmonton,780-751-5370,lashaun.casteneda@casteneda.com,gcasolnq,rH0'&8ZIi
855,Miesha,Walen,2 Executive Blvd,Espanola,705-646-4992,miesha@aol.com,smarmyonnr,qD5@.UKoTQ(
856,Marva,Kountz,1 N Main St #16,Etobicoke,416-494-3939,marva@gmail.com,nannesliens,mJ7>Phkpk
857,Dion,Lamastus,44 S Highland Dr,Albanel,418-212-6756,dion_lamastus@lamastus.com,rullocknt,"uW6&uz,L1"
858,Hassie,Sarkin,958 Airline Dr,Valley,902-210-1513,hassie_sarkin@aol.com,spurchesnu,"hF8~3%*7TIs="""
859,Jin,Perry,18 Cameron St,Etobicoke,416-463-6411,jin_perry@gmail.com,kantonijevicnv,qA7<Kc7!h
860,Demetra,Peth,79 E Jackson St,Sherbrooke,819-858-7901,demetra_peth@aol.com,hshoulernw,kZ2.Zsh1F369
861,Irene,Benauides,45 19th St,Lyttleton,506-251-3150,irene.benauides@gmail.com,dstruthernx,gV8#nFaP
862,Colton,Pesqueira,305 Industrial Blvd,Oakville,905-796-8265,cpesqueira@hotmail.com,cnewingny,"zQ9{$}tx,G"
863,William,Cilento,1434 Ash St,Trochu,403-251-6126,william.cilento@gmail.com,rtedridgenz,"vD2`&aJMyj"""
864,Shannan,Cupit,6 S San Marcos Rd,North York,416-266-5891,shannan@cox.net,rsympero0,qM2+oT!J
865,Shelba,Kast,56 Washington Rd,Halifax,902-654-7334,shelba.kast@yahoo.com,acastleo1,iM8$Hg2TGh=
866,Dorcas,Diebold,8899 E Slauson Ave,Mississauga,905-860-8703,dorcas_diebold@diebold.com,khudlestono2,aD2>8iYYTTDf0
867,Rochell,Wetherby,142 E 57th Ave #2,Amqui,418-362-9768,rwetherby@wetherby.org,eoeneo3,mJ5|Q!4{qv
868,Amber,Windell,41 Augusta Hwy,Richmond,604-864-2113,amber.windell@cox.net,escholtzo4,vA2<eJiSQM
869,Stefanie,Prinkey,985 Joyce St,Surrey,604-833-9067,stefanie_prinkey@prinkey.org,jhinkenso5,tD5_6wjj_Ukf
870,Kenia,Sharples,611 Grand Ave,Calgary,403-341-7208,kenia_sharples@hotmail.com,hheadfordo6,rT4)AMr(
871,Jacquline,Libbey,647 S Rainbow Blvd Bldg #4577,Cap-aux-Meules,418-682-7368,jacquline@cox.net,nkillicko7,kA1*jhlqRD$A9_{
872,Lavina,Michelet,2719 N Delaware St,Anjou,514-842-3549,lavina.michelet@michelet.org,blesarro8,"jP9,Xy$/wRu@"
873,Billi,Kazar,71 Linden Ave,Surrey,604-458-2387,bkazar@hotmail.com,kliepmanno9,rG9$WgT%8a4
874,Aron,Leuthold,9 Park St,Chilliwack,604-637-3549,aron_leuthold@leuthold.com,pdominguezoa,aB8)2@35M`f9
875,Annice,Tartar,430 State Route 10 #7548,Sherbrooke,819-342-1651,atartar@cox.net,dseneschalob,dL1|rb+97{3
876,Hyun,Zarazua,8718 N 13th Ave,Chatham,519-287-4120,hyun_zarazua@cox.net,glarmoroc,gA3!&s5+Uo
877,Shala,Ogle,4956 Midway Rd #65,Fatima,418-823-9061,shala_ogle@ogle.org,spontainod,aX7@@kRdq
878,Shasta,Canonico,71 West Ave,Sault Ste. Marie,705-531-2796,shasta_canonico@aol.com,phallwelloe,pC0{_Li9
879,Wenona,Braseth,7 Ramon Rd,Beloeil,450-751-1928,wenona.braseth@braseth.org,bbadbyof,cQ5>A>d44I
880,Marla,Gallati,922 Railroad Ave #7063,Lachine,514-872-9323,mgallati@gmail.com,kpendleburyog,"hW5@C#,A|osOGa=s"
881,Myra,Palenik,5661 Harding St,Montmagny,418-930-7475,myra_palenik@palenik.com,jwilflingeroh,"zB1"">1fB""mRT`WgK"
882,Lawanda,Jacocks,92 A Glenneyre Ave,Cranbrook,250-226-8113,lawanda.jacocks@gmail.com,bstubbesoi,tA2}sGI\
883,Curt,Kohlman,5 Westbranch Dr #36,Saskatoon,306-739-3437,ckohlman@hotmail.com,todeaoj,bB5'EMHvOl
884,Susy,Finstad,6 N Town East Blvd,Calgary,403-571-8756,sfinstad@aol.com,ttooneok,nX7@RPV&M_n
885,Kathrine,Kaper,100 Rombouts Ave,Halifax,902-500-1564,kkaper@aol.com,holenichevol,"zO4>,ie$.f$o"
886,Oneida,Pospishil,5 E King St #6,Victoriaville,819-511-9240,opospishil@aol.com,gborrillom,qC0*bd8&0$)hNimn
887,Allene,Perera,7167 Bethlehem Pike #80,Etobicoke,416-681-6822,allene@yahoo.com,mfishon,"iJ3,.ImbVL"
888,Leonardo,Leahman,80 Wisconsin Ave,Calgary,403-328-5056,leonardo@aol.com,clepruvostoo,oS8/d3U.SdxZz1!L
889,Nakisha,Russi,8265 W Camelback Rd,Lethbridge,403-513-9660,nakisha_russi@russi.com,aongop,eB8`UB5'jGgbfr
890,Stephanie,Rolling,45 S Cedar Ridge Dr,Lloydminster,306-510-5011,srolling@rolling.org,chalfacreeoq,"jL4&,x~?2I`_\"
891,Florinda,Haycock,6096 N Michigan Ave,Gatineau,819-820-6568,florinda_haycock@cox.net,cfenelowor,gS8#qtm(X
892,Merri,Geberth,4 Beaverbrook Rd,Winnipeg,204-894-9221,merri.geberth@geberth.com,ddaftos,"zI8_1{,#Q2$GR"
893,Malcom,Vereen,548 Midland Ave,Windsor,519-334-1058,malcom.vereen@yahoo.com,lcyplerot,tY8.`|}qkRt
894,Louvenia,Abney,6 Friendship Dr #5055,Prince Albert,306-256-9309,louvenia_abney@hotmail.com,zpersehouseou,uL3+ud8x>!@i}Gpu
895,Alita,Borlace,5 S Gage St #6175,Kenora,807-289-5397,alita_borlace@yahoo.com,jchristonov,tG7.TDL+
896,Noemi,Ill,18 Nw 6th St,Sault Ste. Marie,705-414-4712,noemi_ill@ill.com,hdebiaggiow,"oV8?m""#Y!D'e{"
897,Nydia,Ancar,5 Pittsford Victor Rd,Edmonton,780-924-8022,nydia.ancar@ancar.com,wruossox,wJ6'3*RinUJ)wH}B
898,Hana,Meisel,6 E Rand Rd #73,Calgary,403-696-7108,hana.meisel@yahoo.com,tologanoy,nP9/xP`<n
899,Noel,Marrazzo,91 E Cary St,Camrose,780-447-2249,noel@cox.net,hdarbyshireoz,"yO6&Z~bECl1,QZM"
900,Brice,Rowe,5 New Circle Rd Ne,Belleville,613-631-9322,brice_rowe@aol.com,fpickerinp0,cY9=6dVxh@ra
901,Nguyet,Kitchens,68 Nw Raleigh St #88,Red Deer,403-883-4097,nguyet_kitchens@yahoo.com,foheffernanp1,xB6#8zxDP!=U>Ak\
902,Janae,Mair,8 S Mcmullen Dr #38,Ajax,905-501-5086,janae_mair@cox.net,lvasyutochkinp2,mI3~.2`\sY}2?h
903,Darrel,Makley,6 N Volusia Ave #2,Baie-Sainte-Anne,506-839-5378,dmakley@yahoo.com,mmacgeep3,rO4*x_xYY%!1
904,Genevieve,Milionis,5 Cedar St,Sault Ste. Marie,705-467-4142,genevieve.milionis@hotmail.com,rlawrencesonp4,"rS1""nLjN#fO<y,"
905,Giovanna,Bacho,71 S Newtown St,North Vancouver,604-203-8085,giovanna@cox.net,acossarp5,iF3\H_PYh
906,Shelton,Spannuth,4 Bloomfield Ave #5,Brandon,204-364-5889,shelton.spannuth@yahoo.com,phentzerp6,mT5|hTi`H0S
907,Alison,Mahlum,841 N Monroe St,Belleville,613-862-3122,alison_mahlum@hotmail.com,omenghip7,bN5$}QLn_s
908,Maynard,Zufall,5094 Poway Rd,Vancouver,604-875-7745,mzufall@gmail.com,bbernardinellip8,uD7_+a#%?
909,Timothy,Bussert,43 Winnetka Ave,Toronto,416-521-5624,timothy@bussert.com,mprestagep9,"uU5,""QP="
910,Viola,Eddens,51 S Hulen St,Grand Manan,506-772-3108,veddens@eddens.org,jomolanpa,gH6+xNJ?D93%T0g
911,Luann,Michon,5 Goddard Rd,Montreal,514-578-7262,luann@cox.net,scullpb,wP4}ISjBDn
912,Mable,Goerke,7 Woodbridge Ave,Toronto,416-867-5879,mable_goerke@cox.net,ogiacopazzipc,hD1#kNSnpIH
913,Sabine,Kaea,48 Lower Ragsdale Dr #1349,Brampton,905-586-1138,sabine@gmail.com,hvalentellipd,cG8!l'AcbO=Y@k?>
914,Dolores,Moltz,80 S Beckley St,Fredericton,506-216-2028,dolores@yahoo.com,spascallpe,"fG5""|<,Dy.0"
915,Hannah,Suero,3314 Hawthorne St,Oakville,905-543-3967,hsuero@yahoo.com,nmaggspf,sY4&fPDyT
916,Sonia,Blan,924 W Saint Mary Blvd,Deer Lake,709-512-6346,sblan@blan.com,croggieripg,oJ1._J_#D?AvEN@
917,Cletus,Stapels,9713 Wilbur Ave #163,Edmonton,780-674-7330,cletus_stapels@cox.net,fwoodierph,cV0!H3_<UG
918,Asha,Zoldak,4 Gray Ave,Saint-Stanislas,418-470-9730,asha_zoldak@hotmail.com,mhailepi,eO1?|#a~+\
919,Verlene,Billow,8528 A Park Rd,Brampton,905-486-5455,vbillow@billow.com,tgriffithepj,eC3)PB6sN
920,Yesenia,Giglio,1262 W 19th St,Janeville,506-858-9797,yesenia@cox.net,estaddenpk,"gI1{QM""h93!P$uU"
921,Tayna,Sine,99 Garfield Ave #370,Burlington,905-334-8817,tayna_sine@sine.com,afleemanpl,"fN1*0>g.To,t"
922,Verona,Jobst,9041 Grand Plaza Plac,Montreal,514-842-7487,verona_jobst@jobst.org,wstidworthypm,"nB8&""F'""_s{uELwB"
923,Denae,Eggers,475 S Figueroa St,Winnipeg,204-341-2445,denae_eggers@gmail.com,mbillepn,bM2*W0E+t8'
924,Rikki,Montalgo,7 Lagrange St #10,Montreal,514-472-6857,rikki@montalgo.com,mmccurdypo,yG2_y9/O{o
925,Nan,Weekly,16 Ridge Center,London,519-928-8049,nan@weekly.com,eforrestpp,vR3'>T59t
926,Sherell,Despain,66 62nd St #30,Surrey,604-344-4458,sdespain@hotmail.com,fhawkinpq,mF8>|.C%1
927,Coral,Brennick,15 Ludlow Ave #156,Boucherville,450-480-7421,coral.brennick@brennick.com,aneilanpr,"tU7+,LyyAA+8'"
928,Phyliss,Huelse,672 Neil Armstrong St #59,Lethbridge,403-540-2604,phyliss_huelse@aol.com,ljesteps,"xO3$4cN""e"
929,Jesse,Wida,1 E Gabilan St,Burlington,905-356-4735,jesse@wida.com,bmcinnerypt,"mF6@P$bP(.n8\c""U"
930,Latonia,Helander,6325 Statesville Rd,Brampton,905-723-5674,latonia@helander.com,anoblettpu,wB7=xDxQcZIi@
931,Aimee,Clozza,7 N Wacker Dr #42,Ottawa,613-804-8102,aimee_clozza@clozza.org,jgossonpv,zN9{z`v48o_
932,Marcelle,Staie,76 N Harlem Ave,Stoney Creek,905-817-1934,marcelle_staie@aol.com,bbrixeypw,hC8#jHw{
933,Ilda,Schuring,80 Ringwood Ave #7,St. Albert,780-830-2958,ilda_schuring@schuring.com,tcabedopx,bS7.eJGk<c|U
934,Aileen,Klukken,8 Wilfong Ln,North York,416-390-4510,aklukken@klukken.com,slentschpy,gA3$D!/zA3fujJ
935,Davida,Zeng,8881 Hopkins St,Sainte-Sophie,450-375-8192,davida_zeng@yahoo.com,cbollenpz,zT0*!h=Z
936,Beata,Rubarts,19 Torresdale Ave #58,Victoria,250-808-6765,beata_rubarts@aol.com,bhickenq0,vK6@V?LFY%UV26C
937,Angelyn,Wieand,79 Craig Rd,Brampton,905-838-3914,angelyn_wieand@wieand.com,ctomaelloq1,kD9$U#|4
938,Claudio,Hummell,432 Eastman Ave,Calgary,403-481-8843,claudio_hummell@hotmail.com,cnoseworthyq2,jA6`@i*v4ib4
939,Krystal,Twyman,9 Garcia Ave #38,Scarborough,416-712-8230,ktwyman@gmail.com,prubinovq3,eB6|D/$%(g
940,Adela,Echegoyen,128 W Kellogg Dr,Burnaby,604-571-8392,adela.echegoyen@echegoyen.org,jmurrellsq4,zX0%f?j>thZnZZvd
941,Ryan,Phibbs,7827 Commercial St Se #37,Regina,306-621-2626,rphibbs@gmail.com,rstempq5,hK2?MbLB|B{/56}~
942,Edmond,Buettner,67 N Washington Ave #960,Saint-Eustache,450-829-7834,edmond_buettner@buettner.org,kconnueq6,"fD4""q2RT"
943,Catina,Emmert,19 Distribution Way,Thunder Bay,807-652-2563,catina@gmail.com,ymaccallisterq7,vO8=fODXd
944,Milly,Pattengale,20 Fort Campbell Blvd #4792,Wetaskiwin,780-799-6418,milly@hotmail.com,rtoopinq8,oE4>0yo8qva\(u
945,Jules,Erichsen,1 Parkfair Dr #1219,Mississauga,905-929-8054,jules@cox.net,cczaplaq9,"jD7>W3bj_""`ZVa%"
946,Denna,Miklitz,1736 Us Highway 19n N #6,Saint-Jean-sur-Richelieu,450-409-1005,dmiklitz@yahoo.com,shottonqa,"eG2,/4wj<Eq?o"
947,Willetta,Cesa,578 E Us Highway 36 #3,Membertou,902-981-7382,willetta_cesa@gmail.com,dblissittqb,"rL4+@f$5'M""#P"
948,Johna,Magathan,1724 W Dodge Rd,Edmonton,780-994-6272,jmagathan@magathan.org,scowderoyqc,cN4<.*>0%Hb
949,Ollie,Oliverson,1 W 8th,Etobicoke,416-762-4001,ooliverson@cox.net,cnealandqd,oM4)6yfj+!mlW
950,Sherly,Vitrano,8 Cochise Trl,Sydney,902-480-3185,svitrano@hotmail.com,smcduffyqe,eA0#ND=R
951,Kindra,Dishong,4 Sutton Ln,Nepean,613-510-3295,kdishong@gmail.com,rruddellqf,pB4)Uhho)\li
952,Vanda,Tentler,7 Shetland Ct,Kimberley,250-605-3501,vanda_tentler@tentler.org,ghurdisqg,nF2$EsFC'
953,Marshall,Fitgerald,526 Main St,Calgary,403-918-5509,marshall_fitgerald@cox.net,nraincinqh,nF8=8{Y)
954,Kelvin,Hasha,18 Duluth St,Edmonton,780-227-7373,khasha@hotmail.com,nharomeqi,xT0'.e<&|
955,Darrin,Mathiasen,35 Peconic Ave #4,Boucherville,450-536-7426,dmathiasen@hotmail.com,mskippingqj,qX7(?$j#Bo
956,Susana,Mccarley,7 S Quebec,Windsor,519-491-9261,susana_mccarley@gmail.com,fhodintonqk,sR4&p/o>>J
957,Wilson,Nickelson,74 Se 3rd Ave #1494,North York,416-376-7867,wilson_nickelson@aol.com,nmcguckinql,gY6\LfX+5vI`
958,Malissa,Talty,3 Bush St,Saint John,506-724-2777,malissa@talty.org,treichartzqm,oZ2'i<WC
959,Tandra,Castillanos,629 105th Ave,Hamilton,905-715-9339,tcastillanos@castillanos.com,jstorrsqn,tB1(43R!Y<<d28D4
960,Lorean,Sammon,58 Executive Dr,Regina,306-854-5060,lorean@yahoo.com,epelmanqo,hV6)i5aIE
961,Desirae,Oien,200 W Bijou St #6013,Calgary,403-405-2804,desirae.oien@hotmail.com,jnoirelqp,lJ6!`HV>
962,Delsie,Cerao,2 Us Highway 206,English Settlement,506-795-5209,delsie.cerao@cerao.org,pgiblingqq,"hR1.Owjy1rNsfM,W"
963,Mabel,Elmquist,8570 E 8th St,Winnipeg,204-285-3978,mabel_elmquist@elmquist.com,nendecottqr,nA8?RILq8Yf!1J{
964,Marnie,Purslow,3068 N Interstate 35,Winnipeg,204-904-1386,marnie.purslow@purslow.com,ytunnicliffeqs,jL9!QI66/G<
965,Rene,Granier,4241 Tapp St,Calgary,403-438-9257,rene@cox.net,jcotelardqt,nJ9@jkm__
966,Trevor,Harnist,99 Hart St,Dartmouth,902-782-2576,trevor.harnist@hotmail.com,bharewoodqu,pG5~9S*e>#|
967,Sharmaine,Batdorf,1822 Guilford Rd,Saint-Basile,506-839-1630,sharmaine_batdorf@batdorf.com,ebasshamqv,tD9_8CfVY!K\
968,Ricki,Traux,995 Concord Rd,Montreal,514-657-1920,ricki.traux@traux.com,pbarukhqw,oJ5)}Q'e?+0Og2+
969,Bernadine,Shufelt,3 Main St,Sudbury,705-693-2982,bernadine_shufelt@shufelt.org,cautyqx,rO3&WlVAB
970,Shad,Reider,7995 Douglas Rd E #6,Lloydminster,780-953-3852,shad_reider@aol.com,dchopyqy,nL6*MNo6r3
971,Kenneth,Degennaro,965 Bryant St,St Martins,506-763-6456,kenneth.degennaro@aol.com,ahaddockqz,rV8.+\719E{+fY
972,Marleen,Hennon,2863 Brooklyn Terminal Mkt,Abbotsford,604-545-3662,marleen_hennon@aol.com,cdimondr0,"cE7/D,2%yCAt$.iX"
973,Joaquin,Geitner,6410 E State Hwy,Calgary,403-640-8755,joaquin_geitner@cox.net,pdoddemeader1,rA7*bTV=#9y}?)
974,Slyvia,Stockham,4895 Country Club Rd,Quebec,418-913-7998,slyvia.stockham@aol.com,cwoloschinskir2,vV5<bYpIu%\'
975,Kris,Bala,43 Gateway Blvd,Brampton,905-848-5458,kris_bala@gmail.com,stuppenyr3,mK3$1xk#BzIpsfR
976,Gussie,Diflorio,881 South St #4,Trenton,613-857-7922,gussie_diflorio@cox.net,crussamr4,wL5\+cU/)=?sGnoX
977,Lavelle,Lillywhite,5 S Taylor Ave,La Malbaie,418-442-4179,lavelle.lillywhite@hotmail.com,rminersr5,"eP6@9)&&&"""
978,Bev,Dermo,6059 Alewa Dr,Surrey,604-880-6351,bev.dermo@dermo.com,fdahillr6,tH6#PAWc0'Y48us
979,Bette,Digiovanni,345 Broadway St,London,519-882-6434,bette.digiovanni@digiovanni.org,cfeatherbier7,"nI7}BmH""G\"
980,Lajuana,Mccloud,7 W Pine St,Saint-Thomas,450-272-6370,lajuana_mccloud@hotmail.com,tellinsr8,wT6%41I=X4
981,Shakira,Westervelt,5470 N Lamar Blvd #542,North Vancouver,604-991-8721,swestervelt@westervelt.org,kdurnr9,nM5?m7}x3Z
982,Matt,Nickolich,103 E Main St #59,Regina,306-891-2346,matt@gmail.com,ylindholmra,rO2+1)Ff(WOHK
983,Clemencia,Momplaisir,698 N Allen Rd,Montreal,514-804-3533,cmomplaisir@yahoo.com,ddrydenrb,cV5_OdxW}3qdk#O
984,Oliva,Ambert,1 Broadway St,Dawson Settlement,506-672-7328,oambert@gmail.com,gyantsevrc,pQ5+6hPp
985,Ranee,Maye,5361 N 500 W #3065,Les Cedres,450-700-5970,ranee_maye@maye.com,dhatleyrd,hM3}#B74=K=5N<D
986,Ming,Eskew,4153 Broughton Ave,Victoria,250-228-6798,ming_eskew@eskew.com,bweatherhoggre,dG4&20l@a}k1
987,Annice,Peckens,5 Falls Rd,Victoria,250-727-7309,apeckens@peckens.org,cwisemanrf,vC8.boU~fJ=Nz?
988,Effie,Frymark,51 3rd Ave,London,519-433-4142,effie_frymark@gmail.com,mharroprg,yX0@<Ie5{
989,Maricela,Conger,865 N Port Ave,Coquitlam,604-568-1899,mconger@aol.com,pguerrazzirh,"jW0~""gB!C3>yj"
990,Esteban,Plantenberg,78 E River,Surrey,604-519-9547,esteban@cox.net,vmaragari,"kI2=sbmR,!"
991,Doretha,Wykle,5106 N Laurel Park Dr,Kenora,807-383-4855,doretha@yahoo.com,ubrakerrj,wL4%+.Ir7wbCKL
992,Dorsey,Neitzke,9768 A Aven #112,Truro,902-936-9426,dorsey_neitzke@hotmail.com,choneyghanrk,sE8&|gS'_vCLy
993,Amie,Okuniewski,24 Venice Rd,Pembroke,613-686-9039,amie@yahoo.com,skleinhausrl,iC2__eJ<oGJo.Uj
994,Bulah,Berkoff,2497 Pennsylvania Ave,Strathroy,519-309-5863,bulah.berkoff@cox.net,cstaresmearerm,wB0?~8dK
995,Erin,Delbosque,357 W Mount Royal Ave,Longueuil,450-316-7813,erin@cox.net,nbasketfieldrn,qP3{peHB21n
996,Kassandra,Marushia,123 Euclid Ave #9396,Nanaimo,250-646-6446,kassandra@gmail.com,alanderro,hC3&YFaqO*Wu2
997,Leslee,Matsuno,1251 E Main St #990,Quebec,418-460-5773,leslee_matsuno@matsuno.org,mgresrp,gL6(ttVvX0JP
998,Daniel,Dobler,259 W 17th St #39,Beresford,506-617-2607,ddobler@dobler.com,phuebnerrq,iB9*b#wG
999,Antonio,Unruh,9 Route 38,Port Coquitlam,604-624-7690,antonio.unruh@hotmail.com,mlodewickrr,qV0@x#E7Im)lu|Jp
1000,Aleshia,Tomkiewicz,14 Taylor St,St. Stephens Ward,01835-703597,atomkiewicz@hotmail.com,plafaye0,"hN7/<MceBR"""
1001,Evan,Zigomalas,5 Binney St,Abbey Ward,01937-864715,evan.zigomalas@gmail.com,hplan1,qH1=zQ4{ert*w~M
1002,France,Andrade,8 Moor Place,East Southbourne and Tuckton W,01347-368222,france.andrade@hotmail.com,ccaso2,eO3=Hh7if<
1003,Ulysses,Mcwalters,505 Exeter Rd,Hawerby cum Beesby,01912-771311,ulysses@hotmail.com,jcarbonell3,rF0\4V(OpA
1004,Tyisha,Veness,5396 Forth Street,Greets Green and Lyng Ward,01547-429341,tyisha.veness@hotmail.com,kwaberer4,"fH6@LNg""3G5*45x4"
1005,Eric,Rampy,9472 Lind St,Desborough,01969-886290,erampy@rampy.co.uk,sboich5,"qY3&X)0uJGvX"""
1006,Marg,Grasmick,7457 Cowl St #70,Bargate Ward,01865-582516,marg@hotmail.com,dwallbridge6,xB6>PL5z
1007,Laquita,Hisaw,20 Gloucester Pl #96,Chirton Ward,01746-394243,laquita@yahoo.com,cshirley7,aM8?VM5/o5$cIG%v
1008,Lura,Manzella,929 Augustine St,Staple Hill Ward,01907-538509,lura@hotmail.com,apischoff8,"yX8<}3""W=\Sk`"
1009,Yuette,Klapec,45 Bradfield St #166,Parwich,01903-649460,yuette.klapec@klapec.co.uk,hsexty9,vQ9~d0~>RwCY
1010,Fernanda,Writer,620 Northampton St,Wilmington,01630-202053,fernanda@writer.co.uk,ntilnea,"zM5,2x)Rw@kj/xX"
1011,Charlesetta,Erm,5 Hygeia St,Loundsley Green Ward,01276-816806,charlesetta_erm@gmail.com,rbosseb,iL2}jdjSz
1012,Corrinne,Jaret,2150 Morley St,Dee Ward,01625-932209,corrinne_jaret@gmail.com,cgreimc,"bT9=<p4uM?WS#""(+"
1013,Niesha,Bruch,24 Bolton St,"Broxburn, Uphall and Winchburg",01874-856950,niesha.bruch@yahoo.com,esmizd,qJ0)<q$*7piD
1014,Rueben,Gastellum,4 Forrest St,Weston-Super-Mare,01976-755279,rueben_gastellum@gastellum.co.uk,mjacqueste,uM4>MpWsOldK@
1015,Michell,Throssell,89 Noon St,Carbrooke,01967-580851,mthrossell@throssell.co.uk,gjopef,oG9&YwL8
1016,Edgar,Kanne,99 Guthrie St,New Milton,01326-532337,edgar.kanne@yahoo.com,bbullong,kQ2_LNnY1`
1017,Dewitt,Julio,7 Richmond St,Parkham,01253-528327,dewitt.julio@hotmail.com,wrosenwaldh,eK1~BhXocU}VB
1018,Charisse,Spinello,9165 Primrose St,Darnall Ward,01719-831436,charisse_spinello@spinello.co.uk,jsalzeni,pA7%w!6m
1019,Mee,Lapinski,9 Pengwern St,Marldon,01578-287816,mee.lapinski@yahoo.com,ghallibonej,"yX1&Q@wb"")r`_OrC"
1020,Peter,Gutierres,4410 Tarlton St,Prestatyn Community,01842-767201,peter_gutierres@yahoo.com,gzecchinellik,mN0'bUM0
1021,Octavio,Salvadore,6949 Bourne St,Lye and Stourbridge North Ward,01552-709248,octavio.salvadore@yahoo.com,bvernhaml,pO7.!f@n*z_
1022,Martha,Teplica,148 Rembrandt St,Warlingham,01677-684257,mteplica@teplica.co.uk,tnorsworthym,"sJ2~ZY)_tt$KD},"
1023,Tamesha,Veigel,2200 Nelson St #58,Newport,01217-342071,tveigel@veigel.co.uk,gimpeyn,zX4`l>*YP@
1024,Tess,Sitra,61 Rossett St,Chichester,01473-229124,tess_sitra@hotmail.com,chankino,gZ2\=jQjr6I/M=`
1025,Leonard,Kufner,41 Canning St,Steornabhagh a Deas Ward,01230-623547,lkufner@kufner.co.uk,amonrop,"jT6,}#iV39%4Ir"
1026,Svetlana,Tauras,8289 Cadogan St,South Ward,01781-827317,svetlana_tauras@tauras.co.uk,rmenegoq,cX4=9$'}e/Z_iDL>
1027,Pok,Molaison,211 Hobart St,Newquay,01866-248660,pok@yahoo.com,mledbetterr,bC7>6@O#L<q{F_j
1028,Augustine,Growcock,114 Falkland St #8845,Brimpton,01541-802635,augustine.growcock@growcock.co.uk,sdadamos,xV8$S4qD}bMai3Xo
1029,Karma,Quarto,1 Birkett St,Shard End Ward,01857-864722,kquarto@gmail.com,nedlestont,"rV3#c.R},"
1030,Reed,Weisinger,5147 Blackstone St,Letchworth South West Ward,01243-678286,reed_weisinger@yahoo.com,aavrahamu,hF9\'3$rp9e2`
1031,German,Zelaya,7 Shenstone St,Longhill Ward,01400-269033,german@hotmail.com,wodoneganv,nI9{Cuf0nl9LV8r{
1032,Milly,Savidge,129 Alexander Pope St,Franche Ward,01702-725589,milly@gmail.com,giveansw,mO5!*#R.Z4@rc%
1033,Luis,Ear,2 Birchfield Rd,Whittington,01462-648669,luis@hotmail.com,akliemkex,fI5<AG#OFyDvQv
1034,Ciara,Cobbley,7523 Kempton Rd,Cockerton West Ward,01235-647932,ciara_cobbley@hotmail.com,pmuzzlewhitey,"eY4!Qfs"")/"
1035,Alethea,Mould,6305 Elstow St,Castle Ward,01662-114247,alethea@hotmail.com,mgreepz,kF1*JB3\~O
1036,Margurite,Loperfido,218 Greenbank Drive,Devizes,01407-866759,mloperfido@gmail.com,apink10,mN7~)dB1*K
1037,Vernice,Sperazza,8921 Forge St,Colnbrook with Poyle,01822-563044,vernice@yahoo.com,ncockhill11,oG8#H!$S6R1#n}
1038,Vicente,Rawicki,3060 St Ambrose Grove #261,Aldridge Central and South War,01327-770774,vicente_rawicki@hotmail.com,smeysham12,"wX9?6&<""X"
1039,Craig,Cua,8388 Bessemer St #5,East Putney Ward,01483-418969,craig@hotmail.com,vwiggett13,"lZ5~H}bI4,qd\sS"
1040,Jenise,Dulle,87 Pownall Sq,Sawston,01709-854691,jenise.dulle@hotmail.com,knisen14,kS0)O>L6sbO'
1041,Marylin,Cornelison,39 Wye St,Wakefield North Ward,01609-882184,marylin_cornelison@yahoo.com,dhowick15,"jU4'""mdU"
1042,Marget,Gunst,2732 Bostock St #1,St. Enoder,01693-310794,mgunst@yahoo.com,nboyford16,gE7+alge`nC&J%OV
1043,Annett,Bunselmeyer,5562 Fairfield St #847,Ryde,01891-702579,abunselmeyer@hotmail.com,sdawidowitsch17,"uV7$+ky,wT*l"
1044,Kip,Turziano,37 Meadow St,Laindon Park Ward,01850-347846,kip.turziano@yahoo.com,gbalm18,"zU4*j5A9$zBpWY,6"
1045,Melina,Orizabal,3 Nevison St,Lymington and Pennington,01420-307327,melina@gmail.com,rstorks19,aG4_<+nX2
1046,Tina,Clapham,5662 William Moult St,Aylesbury,01567-296442,rclasham@gmail.com,hbroomhead1a,bN6%cZEpJqM{z#
1047,Luisa,Devereux,3 North View #35,Burmantofts and Richmond Hill ,01607-269930,ldevereux@gmail.com,uhunnicutt1b,yG3<>H0\#L_CG$
1048,Pedro,Aschoff,135 Opie St,Howard Town Ward,01386-981141,paschoff@yahoo.com,svaggs1c,bF4<ZfQ#(fw+t
1049,Carrol,Kunimitsu,1 Askew St,Farnham,01260-641258,carrol_kunimitsu@yahoo.com,miggulden1d,lD9?|KASxerXO@M
1050,Alba,Mosseri,4 Burnall St,Beeston West Ward,01543-198690,alba@gmail.com,wtremathick1e,hE4}'x*I!D?
1051,Domonique,Sandlin,95 Denton St,Wollaton West Ward,01355-500797,domonique@hotmail.com,dsawyer1f,tX1=A5A%EW#
1052,Rory,Neufville,5 Chadwick St #7,Llangeler Community,01252-621329,rory_neufville@neufville.co.uk,jrioch1g,oD0!yj%)FY
1053,Dustin,Klingaman,67 Micawber St,Brockley Ward,01712-135466,dklingaman@gmail.com,ssummergill1h,pG1(OagZ1?6<~P18
1054,Lyndia,Moonshower,43 Williamson St #7995,Meads Ward,01469-300335,lyndia_moonshower@moonshower.co.uk,dflitcroft1i,hU6)S!+|yA
1055,Jules,Hiltner,5 Howe St,"Broxburn, Uphall and Winchburg",01428-343825,jules@yahoo.com,rguiso1j,tK2+$.8Z&T<B#C
1056,Dong,Kopczynski,7 Cheapside #9,St. Ive,01770-129032,dkopczynski@kopczynski.co.uk,rbennetts1k,gB8*uf'gcb%
1057,Justine,Salta,85 Bridgewater St,Shard End Ward,01689-253476,justine_salta@yahoo.com,aleate1l,qI2)SRX&AyTl2
1058,Chantay,Kamens,763 Parkfield Rd,Norton Canes,01823-383806,ckamens@hotmail.com,tedmonds1m,"tQ9,L4""\l>}G|_"
1059,Tequila,Chisum,662 Grove Park,Bulwell Ward,01835-634521,tequila.chisum@chisum.co.uk,wbaumann1n,dN7|I#!{dE
1060,Maybelle,Consolazio,5410 Lawton St,Treorchy Community,01383-647035,mconsolazio@yahoo.com,lfeatherby1o,cC9+oG1R}tj4x
1061,Margarett,Bairo,3 August Rd,Maybury and Sheerwater Ward,01670-813697,margarett@gmail.com,sjerdein1p,"hR0#1x<b""{"
1062,Janessa,Noonon,476 Starkie St,Westgate Ward,01472-324699,jnoonon@yahoo.com,pgyver1q,vL2?xTUTzto>oh
1063,Sol,Cowser,6448 Tillard St,Conisbrough and Denaby Ward,01412-528394,sol@gmail.com,ckilminster1r,qI7_dDv7D_X%a=}
1064,Louann,Smethers,3055 Creswick St,Newbold and Brownsover Ward,01670-234959,louann@gmail.com,rnewcombe1s,"yE0,555yo)`7)/i"
1065,Lindsay,Yadao,7 Jolliffe St,Middlewich,01947-566661,lindsay_yadao@yadao.co.uk,brodliff1t,oU9=(8rZMif
1066,Malika,Hanton,1175 Greig St,St. Marys Ward,01532-497454,malika@gmail.com,agarnsey1u,bI2@LR8rb+hhnD3
1067,Stefany,Ferenz,636 Portland Place,Gresham Ward,01743-977277,stefany@hotmail.com,cdavenport1v,pD6'(llTxcFX~
1068,Abraham,Cratch,41 Benedict St,Aldborough Ward,01599-245408,acratch@gmail.com,pdumingos1w,"eX9,O</f"
1069,Giuseppe,Rohaley,62 Margaret St,Royal Hospital Ward,01345-400452,giuseppe@yahoo.com,bterbeck1x,"gC6\>,%?HdC9s"
1070,Kiera,Bassil,5152 Sophia St,Woodstock Ward,01655-519837,kbassil@bassil.co.uk,dplayer1y,cX2*{ZIMvQij
1071,Wendell,Rubano,1 Back Canning St,Dunblane and Bridge of Allan W,01837-530939,wendell_rubano@hotmail.com,sbarlow1z,fS1!S(Oawrhtmu
1072,Stevie,Stifflemire,9 Gradwell St,Kempshott Ward,01262-808399,stevie_stifflemire@stifflemire.co.uk,egerman20,vC7(kgVf'ev~
1073,Yun,Paletta,9205 Upper Hill St,City and Hunslet Ward,01350-332706,yun_paletta@paletta.co.uk,whalsey21,tD4_MK2q
1074,Brittani,Thurm,9 Horatio St,Ruckinge,01686-306597,bthurm@yahoo.com,bwhorf22,"fM6,g&ZHC!'1Gw"
1075,Billy,Venus,61 Miriam St,Abbey Road Ward,01537-356648,billy.venus@yahoo.com,akubek23,lI4)J>a9U`jxrWP&
1076,Brynn,Elkan,67 Pulford St,Prittlewell Ward,01388-416867,brynn@yahoo.com,rhuchot24,dX3%gDuh~NqiO
1077,Elroy,Piehler,821 Pembroke Place,Kirkby Stephen,01589-654152,epiehler@piehler.co.uk,locahsedy25,gL5`p5#c2~Y4CZ3
1078,Anisha,Shulick,3 Alder St,Eaton Park Ward,01780-704167,ashulick@yahoo.com,bwestrey26,zN7*~gK/GZa@
1079,Bettina,Kham,80 Morecambe St,Bishop Auckland,01355-192668,bettina.kham@kham.co.uk,spellman27,kX9&Y\fw~
1080,Velda,Mancilla,7866 Renshaw St #283,Falmouth,01823-526645,velda_mancilla@mancilla.co.uk,cingleston28,aU2*s=dpN(.az
1081,Marta,Brace,658 Lake St,Malmesbury,01777-469402,marta.brace@brace.co.uk,mandriveaux29,zU9*zpZxZW
1082,Juan,Vanwyhe,5382 Redfern St,West End Ward,01961-642757,juan_vanwyhe@gmail.com,icarefull2a,"rP2`F""'U}"
1083,Lelia,Filion,45 Bidder St #38,Town Ward,01367-136951,lelia.filion@filion.co.uk,fhutchason2b,tV5%gfKlGi?v0ul
1084,Una,Frankel,6766 Britton St #379,Crompton Ward,01912-749219,ufrankel@hotmail.com,gandrzej2c,"pW3_#nAEGfv},R"
1085,Eva,Joulwan,7 Lear Rd,Stroud,01779-720349,eva.joulwan@gmail.com,fwalrond2d,gF4.#Lypmxa
1086,Mammie,Dormanen,2577 Toxteth St #5,Overton Ward,01527-579687,mammie_dormanen@hotmail.com,jodea2e,pA3%r<%8oDyZtZ4D
1087,Jeannetta,Coolidge,761 Cockerell St #1,Midway Ward,01927-790069,jeannetta_coolidge@gmail.com,dyanyshev2f,"bS5,#(BZnh)"
1088,Elbert,Drawe,9 Cypress St,Washington East Ward,01753-784273,edrawe@drawe.co.uk,cbroadey2g,tG2{)bV'&qQ/
1089,Lenny,Gazzola,6 Romilly St,Walkergate Ward,01312-233253,lenny.gazzola@yahoo.com,vdivall2h,vS0$!'J<V
1090,Mira,Alpheaus,51 St Anne St #12,Stratfield Mortimer,01241-273991,mira.alpheaus@yahoo.com,lbloschke2i,bW7?O(EZDlF#
1091,Cathern,Ungar,823 Idris St,Selston,01898-134749,cathern.ungar@ungar.co.uk,bimorts2j,nP3&ZWdQu`d2s
1092,Malcom,Fleckles,8764 Nickleby St #877,Govan Ward,01478-110943,malcom.fleckles@gmail.com,abarraclough2k,wE0&x7$w
1093,Monroe,Damato,5344 Bengel St #5,Millwall Ward,01402-733903,mdamato@damato.co.uk,ehaggas2l,pB7~U1%YOy>G
1094,Leota,Fletchen,8880 Great Howard St #7750,Sefton,01358-446391,lfletchen@gmail.com,sobyrne2m,oV8?Ge#NNx%OYe'k
1095,Berry,Gutoski,9 Oakleigh,Lancing,01448-211489,berry@gmail.com,echolerton2n,bF4<udy'UceH
1096,Meghan,Riherd,83 Denbigh St Bootle,St. Gluvias,01462-474800,meghan@riherd.co.uk,xbromby2o,cR9(8%%Y<EBtqT~=
1097,Mike,Torner,30 Aughton St,Hilton,01240-600327,mike_torner@torner.co.uk,jdudson2p,"bI2>}rCzI"""
1098,Elsa,Delisle,260 Saxon St,Brooklands Ward,01537-525550,elsa_delisle@gmail.com,mmccaig2q,mM5&_jw=Y0RDE(E
1099,Linwood,Rosenlof,3 Pyramid St,Eccleston Ward,01546-942059,linwood.rosenlof@yahoo.com,tlavell2r,wD5(+1KwbpU1
1100,Latosha,Alexy,37 Langham St #948,St. Georges Hill Ward,01704-508066,latosha@yahoo.com,jconnick2s,oP9>=8kf.Q>Ww\{
1101,Alexia,Meenan,94 Villars St,Launcells,01560-328739,alexia.meenan@meenan.co.uk,cajean2t,"bL0},luX"
1102,Graham,Stanwick,73 Hawkstone St,Renfrew South & Gallowhill War,01860-191930,gstanwick@gmail.com,hmatchitt2u,xH8)`%qGHQN&}lj
1103,Elinore,Fulda,123 Sussex St,Astley Bridge Ward,01457-837447,elinore.fulda@fulda.co.uk,atothe2v,oY5')pn`t~
1104,Lisbeth,Creecy,484 Barry St,Shiney Row Ward,01931-620849,lcreecy@gmail.com,fhempel2w,"sR4,swo6`nl"
1105,Eloisa,Faurote,7033 Micawber St,Bintree,01337-695353,eloisa.faurote@hotmail.com,zbamsey2x,"nB4.gHtf<""C$L)f)"
1106,Shawana,Cantua,33 Vipond St,Woodhall Farm Ward,01413-348876,shawana@yahoo.com,aperroni2y,wR9{V=C!Q
1107,Alyssa,Ansbro,85 Hero St,Stanhope,01632-887825,alyssa_ansbro@gmail.com,cnewlove2z,"cP5,K0vQ!ga9Z.,R"
1108,Kyoko,Mcmillian,77 Reading St #8,North Tawton,01235-173362,kyoko_mcmillian@gmail.com,rgudgen30,wI5%n{eiC?am$&mu
1109,Terry,Gauthier,274 Altcar Ave,Catterick,01555-550015,tgauthier@yahoo.com,lmilne31,bY3|z{Ie)%5tz
1110,Sena,Langenbach,38 Avondale Rd #79,Kilmersdon,01756-678490,sena.langenbach@hotmail.com,cspurriar32,jP6_Q.{XPO&=~
1111,Cristen,Nesset,4679 Curzon St,Central Ward,01354-864473,cnesset@nesset.co.uk,pcharlo33,lK3.FQX*1z1j
1112,Lashawn,Ker,13 Nelson Rd,Filwood Ward,01676-780022,lashawn.ker@gmail.com,fdavydenko34,"qK2""}'8gsG9E"
1113,Wade,Sovel,2546 Hunter St,Central Buchan Ward,01712-978062,wade@hotmail.com,ggatling35,gX9?uXv`3V=}X`
1114,Whitney,Tishler,77 Mason St #650,Smallbridge and Firgrove Ward,01224-605237,whitney@gmail.com,blainge36,sL2>t~eDVK5YOcy
1115,Deja,Conatser,94 Wakefield St,Lavenham,01378-234592,deja.conatser@hotmail.com,pslocomb37,"oA9,(5v,"
1116,Earnestine,Casper,529 Stalmine Rd #3680,Saffron Walden,01807-346103,earnestine_casper@hotmail.com,mallingham38,dG1?aMOv
1117,Frankie,Marruffo,52 Morningside Rd #1,Cilybebyll Community,01295-678319,fmarruffo@gmail.com,aruben39,iA1{LF~PFl*<u?
1118,Paola,Dease,94 Enid St,Birchington,01333-642646,pdease@gmail.com,dfarlambe3a,gL0?S$G&ln9A{
1119,Rodrigo,Hawkin,661 Great Crosshall St,Forth Ward,01936-611490,rodrigo@hotmail.com,fhaste3b,yU6?=PI1n
1120,Luther,Alsman,227 Albert Terrace,Belvedere Ward,01536-639256,luther@gmail.com,wpinshon3c,kQ6>v6T4ooK1AJ/
1121,Casey,Dondero,464 Back Nile St #618,Acton Central Ward,01728-100333,casey.dondero@hotmail.com,kgurnett3d,dH2@0\fB\O@sHiB
1122,Ressie,Bontemps,42 Eastwood St,Walton Ward,01996-854517,ressie_bontemps@bontemps.co.uk,kprinne3e,"dQ0=RhOdY,<9H"
1123,Sean,Schurman,2877 Grain St,Caversham Ward,01773-139510,sean.schurman@schurman.co.uk,hbrandsma3f,eL9*kO2URaht}(k
1124,Celestina,Pince,13 Stockdale St #779,Abingdon on Thames,01763-475078,cpince@pince.co.uk,ereuther3g,aD1!eyS_
1125,Maira,Karas,9 Cropper St,Northgate Ward,01582-839217,maira.karas@yahoo.com,bblinkhorn3h,vG4#''7b7EYy>S
1126,Beth,Barbone,3 Gaskell St,Tynemouth Ward,01210-926114,bbarbone@barbone.co.uk,fkeene3i,sK8/HZ}*lUL9
1127,Wei,Nobel,5221 Royston St,Eccleshall,01912-146880,wei_nobel@hotmail.com,rzecchetti3j,"bM3~""G1P"
1128,Melissia,Slotemaker,83 St Johns Lane #43,Linlithgow Ward,01515-360513,mslotemaker@gmail.com,vquarmby3k,pQ7$>&o6
1129,Letha,Akey,603 Pall Mall,Layton Ward,01694-424205,letha_akey@akey.co.uk,hnorster3l,"jV7,nPWQ?V"
1130,Isaac,Semrad,76 Dawber St #6,Blackheath Westcombe Ward,01939-738818,isaac.semrad@semrad.co.uk,tschubuser3m,oN2'wv*?R{b
1131,Kristine,Klipfel,3380 Alexander St,Moulsham and Central Ward,01710-435506,kristine.klipfel@yahoo.com,mloosemore3n,"uK5&eQLf,P@!M"
1132,Odette,Moussette,216 Lissant St #8,Great Dunmow,01712-248851,odette_moussette@gmail.com,wlepage3o,yM9@q.aLLOO`Hh
1133,Hobert,Panfilov,92 Phythian St #614,Gweek,01245-353227,hobert@gmail.com,lverillo3p,"iP1""?)X~R"
1134,Isadora,Mchughes,792 Queens Rd,Stretford Ward,01526-145485,isadora.mchughes@mchughes.co.uk,hstorrie3q,rD1(x/J|ktlvtH
1135,Emily,Pogorelc,5196 York St,Orsett Ward,01416-913482,emily.pogorelc@yahoo.com,aminto3r,"bR4<'2M2cwJ""eY9"
1136,Desire,Barresi,428 Kearsley St,Hatton,01819-701096,desire@gmail.com,bgiorgione3s,yZ3*k{%bd
1137,Rosalind,Stamps,8 Chestnut St,Barrowford,01918-999052,rosalind.stamps@stamps.co.uk,hmainston3t,eD2+|3@tSdm
1138,Vernell,Connley,998 Roe St #6,Bellingham,01954-363885,vernell@hotmail.com,sanglish3u,yT9$4@pO7gH45+Qa
1139,Micheline,Mathieson,3 Copenhagen Rd,George St,01857-518738,micheline.mathieson@yahoo.com,abrightman3v,pN1|F!%42\.
1140,Nathan,Outhouse,293 Vivian St,South Jesmond Ward,01555-702650,nathan.outhouse@gmail.com,lsperling3w,"wO4'\LBdrT""Z_l9"
1141,Allene,Burau,8 Barlow St #6,Barlow,01731-825958,allene.burau@hotmail.com,malthorpe3x,gQ8*zjS=%)9=4~3=
1142,Julie,Sakshaug,5 Shakspeare St #66,St. Johns Ward,01225-180983,julie@gmail.com,yhyrons3y,oT2=*P3.uYQ
1143,Francisca,Shuhi,7 Carolina St,Bodmin,01345-878334,fshuhi@shuhi.co.uk,eoreagan3z,xR0}jb'0c
1144,Marisha,Wilcoxon,52 Trowbridge St,Knightsbridge and Belgravia Wa,01257-461104,marisha.wilcoxon@gmail.com,bearie40,pB1(((Yf
1145,Telma,Maraia,25 Village St,Elgin City South Ward,01500-649863,telma@maraia.co.uk,tbrahams41,cJ3'){dbJ
1146,Luke,Crete,4 Peach St #5112,Halstead,01375-820236,luke.crete@crete.co.uk,ewinship42,dX4>5.5DKcV7Q&
1147,Hubert,Mias,3614 Old Hall St #604,Fawley,01408-965643,hubert.mias@gmail.com,lpatise43,"mD6""X5h`"
1148,Janella,Altobell,3768 Hey Green Rd,Hartshill,01746-505364,jaltobell@hotmail.com,awestrope44,"aW2>`l9EG}""=\oS"
1149,Angelo,Lavista,97 Newlands St,Kensington and Fairfield Ward,01544-247601,angelo.lavista@gmail.com,loduane45,"bV6/`Q`0=E}G""e9*"
1150,Tran,Mandiola,6226 Maitland St,West Bromwich Central Ward,01609-235350,tran.mandiola@hotmail.com,rjancik46,"oS9%y,#i?V"
1151,Reynalda,Vanhooser,891 Crocus St,Rowley Ward,01951-872658,reynalda@vanhooser.co.uk,dkingsford47,xJ1&.qeUKp
1152,Salley,Rieger,1 Segrave St,Sutton Trinity Ward,01858-162078,salley.rieger@gmail.com,atomasek48,"eX2=RpR,7VJD"
1153,Cheryll,Yurich,666 Moor Place,Shepway South Ward,01780-380120,cheryll_yurich@yurich.co.uk,lromushkin49,xB0?OO7CN
1154,Crista,Viengxay,1554 Christopher St,Everton Ward,01976-784016,crista@yahoo.com,edobbinson4a,rB9\rXnuNuWOlERj
1155,Lino,Sutulovich,55 Margaret Rd,Heaton Ward,01316-590173,lino.sutulovich@gmail.com,apeppett4b,fR2$a5UhwtX}x
1156,Galen,Wendorf,8830 Antonio St,Gillingham North Ward,01220-653456,galen.wendorf@wendorf.co.uk,scheine4c,"gM3?<WN@xl,uF"
1157,Gilbert,Langarica,82 Sinclair St,Bangor Community,01455-565046,gilbert.langarica@gmail.com,ndevita4d,pD6<E~zbz
1158,Whitney,Goossen,7568 Atlas St,Butterwick,01255-383731,whitney.goossen@hotmail.com,lbeards4e,qL1=0PriW7MS(_&G
1159,Socorro,Abrahams,93 Clyde Rd #9,Deepdale Ward,01311-567052,socorro_abrahams@abrahams.co.uk,ademars4f,lE4}zATt6*XiI
1160,Mauricio,Flam,18 Nimrod St,Walney North Ward,01640-813748,mflam@gmail.com,mkyndred4g,"nK3""zkLR"
1161,Phillip,Aloi,6 Cannock St,Scarcroft,01490-898175,paloi@hotmail.com,wfranklin4h,rD1#gbgZJT0
1162,Gilberto,Erixon,2258 Benedict St,Penryn,01582-161403,gerixon@gmail.com,mritmeyer4i,yE8=&5t9K{cRjq*T
1163,Thad,Puskarich,9302 Ismay St #6,Tenterden,01506-152661,thad_puskarich@puskarich.co.uk,smacgiollapheadair4j,rD8&|4yIV?
1164,Bambi,Favaron,3347 Lawrence Rd #456,Haverstock Ward,01676-354943,bambi.favaron@yahoo.com,cbridge4k,qI8(pUI_n+vw`}
1165,Marshall,Kozikowski,47 Elwy St,Kilpatrick Ward,01913-454226,marshall@hotmail.com,hbeavan4l,hA4\mG%%
1166,Chery,Wiederin,553 Picton Rd,Astley Mosley Common Ward,01274-659801,cwiederin@yahoo.com,uramos4m,rC4'!<`bw4c(pG
1167,Eileen,Montecalvo,9986 Cantsfield St,St. Peters Ward,01904-227024,eileen@yahoo.com,brodell4n,"eH1'rA}dZ',6"
1168,Melita,Szpak,1 Sussex St,Cyfarthfa Community,01431-484822,melita.szpak@szpak.co.uk,bwillimot4o,bD0/Z&JunJv&/~X
1169,Ashley,Jessie,9548 Ogwen St #84,Baguley Ward,01740-739731,ashley_jessie@jessie.co.uk,nloren4p,aJ4%*xv~2qxSgY\
1170,Laila,Fend,57 St Georges Hill,Crawcrook and Greenside Ward,01550-206220,lfend@gmail.com,cfirbanks4q,rI7!BKxPY8=Ih
1171,Bobbie,Guillereault,385 Upper Hampton St #39,Southey Ward,01496-781616,bguillereault@gmail.com,mauletta4r,"zA9&,F?6"
1172,Dana,Paluszynski,6378 Lyell St #48,Trossachs and Teith Ward,01847-224345,dpaluszynski@paluszynski.co.uk,wrosenstengel4s,hH9!_Iw'eOT
1173,Freida,Newyear,675 Falstaff St #170,Chapel-en-le-Frith,01773-691786,freida_newyear@yahoo.com,lsimounet4t,oA5'|!Qy{NyS.&Ai
1174,Val,Cellucci,87 Pelops St,Kings Norton Ward,01387-155607,vcellucci@yahoo.com,rnicholl4u,cL9~XpR`
1175,Horace,Knapp,5 Eyes St,Mid and Upper Nithsdale Ward,01924-556297,horace.knapp@yahoo.com,ariccione4v,"bA0,1z059D3a"
1176,Joana,Reinecke,2427 Olney St #7,Amersham,01320-402522,jreinecke@reinecke.co.uk,trentcome4w,wC8|Eqy=l0Go
1177,Tiara,Schlichter,805 Westbank Rd,North Heywood Ward,01270-562265,tiara_schlichter@schlichter.co.uk,mfenix4x,"tG3!?""?i#"
1178,Dacia,Swaisgood,36 Cranmer St #4697,Little Hereford,01984-926059,dacia.swaisgood@swaisgood.co.uk,joutram4y,"qH3,26NQ"""
1179,Myong,Babineaux,2 Kirkdale Rd,Canning Town North Ward,01897-419567,mbabineaux@babineaux.co.uk,rstadding4z,oL7=26v>y*$F8OD&
1180,Gene,Bleile,4687 Atherton St,Springfield Ward,01257-354396,gene_bleile@bleile.co.uk,hshilvock50,yU9/VsdDE|6
1181,Kanisha,Difiora,513 Bailey St,Bontnewydd Community,01770-697837,kanisha@gmail.com,dacomb51,sC4{/+j<F
1182,Ayesha,Moeder,620 Old Leeds St,Sheviock,01284-871485,ayesha@gmail.com,drobak52,oU9|SKN`j!
1183,Lanie,Smalarz,5149 Maria Rd,Peterlee,01218-415062,lanie.smalarz@yahoo.com,aswabey53,"tZ4,%5=Lr}>Y1UV5"
1184,Jaleesa,Polintan,8 Taylor St,Shrub End Ward,01507-519053,jpolintan@polintan.co.uk,aepsly54,iR4$ab?hcbc
1185,Tamekia,Flotow,588 Venmore St,Twickenham Riverside Ward,01794-317624,tamekia.flotow@hotmail.com,cbowmen55,dT3)({#Rpvt6GH+#
1186,Ula,Otey,1 Newby St,Coleshill,01291-565542,ula@hotmail.com,areaveley56,"lC9{g,p'"
1187,Rosendo,Ratel,5588 Lake St #903,Crystal Palace Ward,01404-343160,rratel@yahoo.com,hletertre57,mT7.6/3D+YZZkFZ
1188,Timmy,Lintner,9112 Hardwick St,Bowes,01651-232745,tlintner@hotmail.com,ckoschek58,cP2?O4E8$
1189,Zita,Speltz,2395 Gloucester Pl,Halliwell Ward,01368-497445,zita_speltz@yahoo.com,bfidele59,"pI3.cB,{fjPy"
1190,Aleisha,Lemm,341 Birchfield St,Wareham St. Martin,01341-997268,aleisha.lemm@gmail.com,hjump5a,bU6`DePv}lcp=}
1191,Naomi,Lavezzo,9854 Ranelagh Place,Finedon,01469-888112,naomi.lavezzo@yahoo.com,fcovino5b,gD6&966)Q
1192,Aretha,Bowling,8 Nova Scotia,Caerphilly Community,01816-462521,aretha@hotmail.com,lliddel5c,xX9<Lub&DVl$O{9
1193,Mila,Figuera,72 Lime Place,Old Newton with Dagworth,01300-650262,mila_figuera@yahoo.com,cvanhesteren5d,xP4)d2qltJV
1194,Orville,Zuehl,907 Denman St,Crowle and Ealand,01998-694754,orville_zuehl@zuehl.co.uk,aleethem5e,iI3_qP<Anx
1195,Gabriele,Geschke,5 Garfield St #9,Milton Regis Ward,01404-425588,gabriele@geschke.co.uk,ohallum5f,jA4|?X+5
1196,Kara,Jaquish,345 Feltwell Rd,St. Michaels and Wicksteed War,01691-316298,kara@yahoo.com,kmaccaughan5g,"rA8(r#,{nm/\==%"
1197,Kenny,Lin,1 Towson St,Howe of Fife and Tay Coast War,01753-900033,kenny@lin.co.uk,rterbruggen5h,kT7/#c#'D\(@
1198,Vashti,Sugai,4 Candia St #6,Shipston on Stour,01311-723137,vashti@gmail.com,aperryn5i,"hD8|vcEPZsj,Z#"
1199,Jordan,Handsaker,2 Cherry Lane,Strood South Ward,01793-443665,jordan_handsaker@gmail.com,fdelacourt5j,"yJ6,XK}k"
1200,Carisa,Degenhardt,7 Britannia Ave #875,Newton-with-Clifton,01911-775929,carisa.degenhardt@degenhardt.co.uk,gparagreen5k,"jF7&,<r!I\?+"
1201,Audrie,Danaher,63 Brunswick Sq,Llanelli Rural Community,01344-670413,adanaher@yahoo.com,pcreeboe5l,"qK7&l4)a3,i!"
1202,Shaunna,Rodamis,5 Gainsborough Rd,Newington Ward,01658-509610,shaunna.rodamis@yahoo.com,jdolby5m,xF8}g8YHc7D
1203,Coleen,Langer,745 Goodall St #9309,Much Wenlock,01956-525612,coleen.langer@hotmail.com,mdavio5n,rU9<a>5@Ez
1204,Katie,Choinski,1267 Alderson Rd,Churchdown,01606-772920,katie@choinski.co.uk,cforryan5o,"rZ0?13J0,"
1205,Dannie,Brau,2 Gay St #3702,Werrington South Ward,01675-779811,dbrau@brau.co.uk,kscrogges5p,"cY1/DAg(N"""
1206,Ashanti,Donn,3409 Benns Gardens,Hollington Ward,01352-599278,adonn@yahoo.com,tsurgenor5q,rV2%R1l4
1207,Madalyn,Dubberly,1 Lower Burlington St,Northfleet South Ward,01974-720949,madalyn.dubberly@gmail.com,cmatyushenko5r,uK0.V+i(?t$~
1208,Santos,Signore,4706 Chapel Place #5993,Steyning,01614-431131,santos@gmail.com,cschanke5s,vU3{n|b?w#A@
1209,Alyce,Flamino,4 Mather St,Holbrook Ward,01361-927368,alyce@yahoo.com,kpeskin5t,vU4.>X9&K8c|bC
1210,Pearly,Ero,9960 Gilroy Rd,Woodhouse Ward,01329-374051,pero@hotmail.com,dmarquand5u,kW6/=U*hq
1211,Cherrie,Nitschke,3 Burnall St,Keighley,01373-498883,cherrie_nitschke@yahoo.com,cmelesk5v,dM7{&sSt?lsM
1212,Maia,Shadd,8 Bigham Rd,Deal,01950-708083,maia_shadd@gmail.com,mklehn5w,tN0~gMG!Ry+
1213,Edwin,Logghe,950 Gordon St,Heanor and Loscoe,01366-667615,edwin_logghe@hotmail.com,dcrosskell5x,nM8$W56KnqW@R
1214,Leigha,Semenza,784 Juno St #7653,North Horsham,01406-216625,lsemenza@yahoo.com,bmcconnell5y,"qX3=gFhF~|>o8,f8"
1215,Walker,Seeger,69 Chantrey St #90,Hickling,01245-616596,walker.seeger@yahoo.com,btedorenko5z,"mP5~c?}d""\mr=eY"
1216,Nakita,Rodrigues,4 Northbrook St #600,Edmonton Green Ward,01679-150583,nakita_rodrigues@gmail.com,weisak60,jX4=TEWvJ3@h*F
1217,Kattie,Ozane,526 Liffey St #759,Westbury,01322-491007,kozane@gmail.com,rhicklingbottom61,mS8!+u~mo
1218,Lamar,Suite,6301 Dorset Rd,Harefield Ward,01716-613102,lsuite@yahoo.com,cleband62,pP2/K!=Zdmt
1219,Juliana,Uken,4 Summer Seat Bootle,Moulsecoomb and Bevendean Ward,01962-844141,juliana.uken@yahoo.com,rgirardoni63,jJ5$g7(Q_E{x
1220,Chan,Loftin,84 Walton Village,Horfield Ward,01507-583669,chan@gmail.com,cwestwood64,vS4+MbfgAClk}y3U
1221,Delpha,Detamore,8 Tagus St #9814,Cleator Moor,01322-480025,delpha.detamore@yahoo.com,kmarklin65,wS4|S`}6
1222,Floyd,Tivis,770 Jamaica St,Penmaenmawr Community,01882-970809,floyd_tivis@hotmail.com,dpostan66,yS9|t%3COMSbGs=
1223,Chantell,Besong,11 Tetlow St,Parsons Green and Walham Ward,01607-329400,chantell_besong@gmail.com,jbullen67,"fQ6/E,O?Y4``"
1224,Martin,Fonua,7642 Ledward St,Cressington Ward,01919-185409,mfonua@yahoo.com,epagen68,"dL1\8>,RhvdivFVW"
1225,Hyun,Erdman,1432 Rutland Ave,Uckfield,01594-744010,hyun@gmail.com,binfantino69,hY2_deMqq3>FEC}p
1226,Nada,Arey,22 Harewood St #95,Acton Trussell and Bednall,01576-627827,nada@hotmail.com,gbowshire6a,jM1$$*$$Bk@K
1227,Elizabeth,Pata,645 Lister Drive,Denwick,01634-662999,elizabeth@gmail.com,rdavioud6b,"jM0=SwY""M*jGDS"
1228,Dominic,Washmuth,8977 Old Leeds St #87,Beaminster,01725-615270,dwashmuth@hotmail.com,bfarquharson6c,kK9='V`Uom
1229,Alise,Packebush,22 Delamore St,Hereford,01266-695304,alise.packebush@gmail.com,cheningam6d,vE1$t=}.T
1230,Flo,Bardsley,35 Walton Lane,Loughborough Ashby Ward,01983-847833,flo.bardsley@hotmail.com,sbagott6e,aI4(vs/ZjI/vp5
1231,Bonita,Sandblom,22 Kilshaw St,Wimbledon Park Ward,01989-617161,bsandblom@gmail.com,bsoutherden6f,"tL0?dvgE"""
1232,Royal,Rush,1 Argyle St,Hyde Werneth Ward,01934-427282,royal.rush@yahoo.com,mdrohane6g,xD2(pE7JS8\T+Q9
1233,Erasmo,Talentino,3 Garden Lane,Darton West Ward,01492-454455,erasmo.talentino@hotmail.com,ddripp6h,"xL0>""g*F+k.GP~d"
1234,Mari,Smeby,4309 Chisenhale St,Rock,01423-202676,msmeby@gmail.com,lbrandsma6i,qN7_p)E}UTtSXF
1235,Eleonora,Ventry,758 Woodhouse St,Soho Ward,01966-685595,eleonora@gmail.com,kmcwhannel6j,iZ1|Ib*q
1236,Therese,Shiraki,18 Ouse St,Oakridge and Castlefield Ward,01611-691262,tshiraki@gmail.com,kseel6k,tW1'(ZuN<G'T13
1237,Rodolfo,Scavuzzo,5 Ruskin St,Irvine East Ward,01576-536794,rodolfo_scavuzzo@yahoo.com,bhayesman6l,kN7*rz+iPK#JW
1238,Cruz,Fanelli,4565 Blackstock St,Springfields and Trent Vale Wa,01710-616480,cruz@hotmail.com,ldesquesnes6m,kY3&*.}r7I
1239,Arlyne,Dellinger,8361 Cottenham St,Fawley,01907-958462,arlyne.dellinger@yahoo.com,dlaight6n,uW8=S9%u{aG
1240,Edward,Strejan,1267 Audley St,Ise Lodge Ward,01242-422459,edward_strejan@gmail.com,twatsam6o,dR5%a&t9cX
1241,Christoper,Sheneman,845 Atherton St,Tatsfield,01455-958797,christoper@gmail.com,rhampshaw6p,kP0'y$XT<Vz
1242,Melda,Colamarino,150 Margaret Rd,Kings Hill,01879-572287,melda.colamarino@colamarino.co.uk,vperkin6q,"wF3}RAx"""
1243,Margot,Peay,9923 Dinorben St #4838,Childs Hill Ward,01925-895879,margot.peay@yahoo.com,nstivens6r,uM2@_tlA5<9%ciw
1244,Gerald,Drozdenko,186 Craven St #68,Little Ness,01593-647422,gdrozdenko@yahoo.com,dcurl6s,tX3`_+~>6
1245,Tomoko,Renno,5160 High St #38,Goldsmid Ward,01731-573285,tomoko@renno.co.uk,dimpy6t,dE5!q?nt.>(EzS
1246,Mendy,Wassmann,3833 Sidney Rd,Cherryfield Ward,01378-845450,mendy.wassmann@wassmann.co.uk,tbritton6u,hZ3|Q%8`i!oE
1247,Daryl,Hilcher,6267 Greenland St,Wakefield East Ward,01391-238570,dhilcher@hotmail.com,yfrancie6v,rB3`jCk(a
1248,Ty,Feeback,14 Landseer Rd,Nith Ward,01964-503521,tfeeback@gmail.com,lcanas6w,uJ6&ZVM?t?
1249,King,Vanacore,30 Seville St,Meads Ward,01908-714833,king_vanacore@yahoo.com,gdonat6x,lP0@S3Ezu
1250,Isidra,Varnado,79 Chelmsford St,Holywell Community,01600-982590,ivarnado@varnado.co.uk,cdominichelli6y,uY8%L}f5$
1251,Tonja,Driesenga,8 South John St,Lamport,01683-204727,tdriesenga@driesenga.co.uk,ptanner6z,pH9\@{'w
1252,Shaquana,Featherston,50 Townsend St,Chadderton Central Ward,01641-726098,shaquana@hotmail.com,ofussie70,yP1`hInC
1253,Gilberto,Feagins,7643 Campbell St,Penge and Cator Ward,01304-758732,gfeagins@gmail.com,amaccarroll71,hN3.6=|nq7OkW\
1254,Rex,Faehnle,371 Oakleigh,Warminster,01955-496773,rfaehnle@faehnle.co.uk,kparagreen72,dZ8%E+6aH
1255,Adolph,Cunningham,9874 Oakfield Rd,Redhill Ward,01731-429712,adolph_cunningham@hotmail.com,bmitchinson73,kW6*ozso}
1256,Queen,Leader,6 Princes St,East Kilbride West Ward,01567-846944,queen_leader@gmail.com,hhaack74,iD2%{0w>%w8
1257,Rebbecca,Rufenacht,4190 Seacombe St,Tiffield,01583-168158,rrufenacht@yahoo.com,apetrazzi75,pF6+(t2AYb'Bg
1258,Ardella,Goldrup,3145 Rhyl St,Londesborough,01813-786468,ardella.goldrup@goldrup.co.uk,nwaterfall76,uJ0+lqULB5W
1259,Dallas,Miyashiro,4919 Lime Grove,Whitchurch Urban,01356-551432,dallas_miyashiro@miyashiro.co.uk,ibolingbroke77,"pU0'*V3,Bc&Z$"
1260,Vivan,Jenious,8 Carolina St,Northgate Ward,01907-573672,vjenious@yahoo.com,njurkiewicz78,xD3~>C{y(9U?F
1261,Han,Dzledzic,1592 Price St,Ponteland,01532-163009,han_dzledzic@hotmail.com,ahulkes79,pP9|{T/W/EueB
1262,Emilio,Guitierrez,2 Weller St,Appleton Wiske,01845-679016,emilio_guitierrez@guitierrez.co.uk,hganiclef7a,pK0}H9$xwHAwU
1263,Latia,Cos,18 Thomas St,Barnham,01695-303367,lcos@yahoo.com,jmanford7b,uM6%<&ItmB49y
1264,Lilli,Cureau,42 Hey Green Rd,Deepdale Ward,01752-399931,lilli@yahoo.com,rblethin7c,wU7{K?~{Fg<6C
1265,Maryanne,Siske,256 Vesuvius St #159,Stutton with Hazlewood,01455-447890,maryanne@hotmail.com,dkeenor7d,eL0)xCzT>+
1266,Eliz,Strimple,82 Denison St #2642,Holyrood Ward,01699-467608,eliz@gmail.com,lcoch7e,gO9/L!osCp
1267,Laura,Gumaer,1779 Bird St,East Sheen Ward,01821-208235,laura_gumaer@gmail.com,sjacke7f,eV4)N1Ufw1wJ@y
1268,Leanora,Respicio,99 College St South #1,Byker Ward,01564-503370,lrespicio@respicio.co.uk,ggun7g,kB2%yh_k?FA@y
1269,Sherell,Pomarico,29 Greenleaf St,Llangristiolus Community,01523-372834,spomarico@hotmail.com,araspel7h,"oL4,lghcG7$h"
1270,Charlie,Isita,39 Hooton Place,"Neilston, Uplawmoor and Newton",01295-844061,charlie@isita.co.uk,sconradsen7i,mU5`aHME=`W!f9
1271,Veronique,Nuckolls,198 Ranelagh Place,Central Buchan Ward,01632-762032,vnuckolls@gmail.com,mlafferty7j,sI5(uMKT
1272,Antonio,Villamarin,353 Standish St #8264,Little Parndon and Hare Street,01559-403415,antonio.villamarin@gmail.com,aweeke7k,vF5)./7H
1273,Louvenia,Kincannon,87 Eldon Place,Read,01315-409372,lkincannon@kincannon.co.uk,mguille7l,dO8<Ik&KUyiNG$
1274,Roxanne,Hedegore,592 Catharine St,Blantyre Ward,01317-299836,roxanne_hedegore@gmail.com,pdurante7m,rV2~px@vyVtq
1275,Eve,Hoffstot,1661 Arrow St,Kirk Hammerton,01746-129962,eve.hoffstot@yahoo.com,qbaudins7n,zI9\.C#x/?.
1276,Kenda,Koza,7 Netley St,Custom House Ward,01840-188852,kkoza@koza.co.uk,zgarritley7o,mR6$V=UtJcy!3u#Z
1277,Elden,Mercik,7 St Edmonds Rd,Nonington,01539-784239,elden_mercik@mercik.co.uk,trollingson7p,jH3}G\tK'G6y
1278,Kami,Ferre,6996 Wrenbury St,Foleshill Ward,01775-876516,kami@yahoo.com,oferriby7q,jO4&E\%MIit
1279,Selene,Zeng,2 Prince Rupert St,West Wickham Ward,01741-833047,selene@yahoo.com,hrampage7r,nV7!WC!@Ma%7tXA
1280,Deangelo,Rardon,9970 Clyde Rd,Woodham Ward,01748-535438,deangelo_rardon@yahoo.com,aslora7s,iL4/MvDP6
1281,Olen,Ailey,9 Fielding St,Wombourne,01654-865551,olen@gmail.com,kwynn7t,"aE6,_5zv+"
1282,Lanie,Smarsh,555 Ludlow St,Trowbridge,01973-841918,lanie@yahoo.com,cfright7u,jK2<Z6O*e~
1283,Lynna,Breheny,1 James St #4,St. Andrews Ward,01914-909214,lynna@yahoo.com,pbasterfield7v,"sO5,""t.tRG%)#Sj1"
1284,Jody,Klitzing,3 Byng St #524,Pinhoe Ward,01822-390245,jody_klitzing@hotmail.com,kbouette7w,fP9'TDOGBA/~5
1285,Antonio,Glasford,425 Howley St,Gaer Community,01463-409090,antonio_glasford@glasford.co.uk,ydavinet7x,"pB3`kq7,"
1286,Merilyn,Scurci,4041 Virgil St,Headley,01770-233355,merilyn_scurci@hotmail.com,pmaccaghan7y,vG2=scuBP`
1287,Elliott,Kins,32 High Park St #44,St. Margarets with St. Nichola,01727-926540,elliott@gmail.com,upresnail7z,mC0&hH!?{Z{32A
1288,Leonie,Devereux,88 Vernon St,Dunbar and East Linton Ward,01515-840778,leonie_devereux@gmail.com,emyerscough80,tS8?XcOZs
1289,Eulah,Syrop,62 Euston St,Bunhill Ward,01666-133305,eulah@syrop.co.uk,dpeppard81,xH2'L6vzH=
1290,Marsha,Tarry,74 Medlock St,Chorlton Park Ward,01203-684728,marsha.tarry@yahoo.com,bfebvre82,iT7$zS%b
1291,Mignon,Luger,80 Talbot St,Edgeley and Cheadle Heath Ward,01934-252795,mignon@gmail.com,acaush83,kK4&3#rv\10!
1292,Tu,Rivet,31 Buckingham Ave #3785,Cotham Ward,01578-744350,tu_rivet@gmail.com,edaelman84,"gT7,/C.xQC"
1293,Adelle,Schantini,162 Grayson St,Greenlands Ward,01624-595660,adelle_schantini@yahoo.com,kluney85,gN5>QJ.5C
1294,Douglass,Fonnesbeck,5 Webb St #8,Boothen and Oak Hill Ward,01305-958705,douglass@fonnesbeck.co.uk,buvedale86,vP2_%L}DOD)V4Om
1295,Evette,Mazierski,8092 Firdale Rd,Stoneygate Ward,01277-740331,emazierski@mazierski.co.uk,lmckinless87,hQ9?ea=>3#jr_
1296,Geraldo,Okoren,68 Carno St,City and Hunslet Ward,01374-376226,gokoren@okoren.co.uk,ahubbins88,"nK8#""Bs_"
1297,Clarinda,Pelayo,714 Moored St,Trelawnyd and Gwaenysgor Commu,01902-887021,cpelayo@pelayo.co.uk,ewombwell89,"sF5*ee>@n}""S!"
1298,Reuben,Mccorrison,545 North John St,Cobham and Downside Ward,01337-407282,reuben.mccorrison@hotmail.com,wridges8a,lF0/j4JS0&@!5'x%
1299,Yen,Groody,21 Pilgrim St,Leighton-Linslade,01882-911812,ygroody@groody.co.uk,gdarch8b,rA0.6u(&L?
1300,Tanja,Milne,9772 Teilo St,Hetton,01584-615989,tanja.milne@yahoo.com,agiovanizio8c,rM4*eIH#T!\YPxxn
1301,Jerlene,Holtgrewe,33 Fonthill Rd,Hodge Hill Ward,01993-956208,jholtgrewe@yahoo.com,cdreelan8d,fQ9{BeEy?oxXM
1302,Almeta,Keehner,3 Ivyleigh,Loundsley Green Ward,01291-250423,akeehner@hotmail.com,lbutterwick8e,rD1_9`U+D&5
1303,Wilda,Brigham,501 Sandon Terrace #200,Little Clacton,01950-109108,wilda@brigham.co.uk,cchiplin8f,"nD6""b|vW&KtYF_Q="
1304,Remedios,Arlinghaus,9 Duckenfield St,Aldbrough,01536-498792,remedios.arlinghaus@gmail.com,gkyd8g,hV7&.$w?{6\En+6
1305,Margret,Alcazar,5466 Sedley St,Coatbridge South Ward,01626-590776,margret@alcazar.co.uk,tskeel8h,zU1(8NDqO
1306,Denny,Casalenda,75 Brewster St #453,Redlands Ward,01349-134533,dcasalenda@gmail.com,seberdt8i,zY8`2Xf8AiFcoC
1307,Carolynn,Atkison,7901 Beech St,St. Helier Ward,01815-665993,carolynn.atkison@hotmail.com,whastings8j,cH5&qbNTDvTA
1308,Amina,Goulbourne,684 Cotswold St,Victoria Ward,01536-114519,amina@yahoo.com,ppetru8k,bP6@a+x1won
1309,Janna,Przybyl,5 April Rd #13,Wheatley Ward,01684-628072,jprzybyl@przybyl.co.uk,rmcquode8l,eS3>N3Nh
1310,Emiko,Sayre,8 Village St,Windlesham,01660-135336,emiko.sayre@yahoo.com,joshaughnessy8m,uC8`QUZq5
1311,In,Muns,7 Haddock St #34,Saint Annes on the Sea,01574-363346,in_muns@muns.co.uk,lsquibe8n,aH2(2LIj8gSEqf!m
1312,Eleni,Vanscoik,9 Mather St,Sutton Vesey Ward,01208-373467,eleni_vanscoik@gmail.com,mdaley8o,"aH4*K<o""#\ql"
1313,Kandis,Alsbury,70 Rose Vale,Reydon,01797-837270,kalsbury@hotmail.com,aemburey8p,vG9/<H=I3S%
1314,Kina,Saltman,29 Oregon St,Ruddington,01515-506025,kina_saltman@gmail.com,gfavey8q,yA2~}'IA7|LiYF6D
1315,Jacki,Sterback,15 East Albert Rd,Kingston Bagpuize with Southmo,01820-396117,jacki.sterback@gmail.com,dlailey8r,"sU7,G9}q!_EAG"
1316,Fallon,Kerfoot,3186 Naylor St,Manor Castle Ward,01538-649750,fallon.kerfoot@gmail.com,cleith8s,dJ5=P|cN*Hm)x$U1
1317,Precious,Brabble,9 Herbert St #77,Shenley,01687-288043,precious_brabble@brabble.co.uk,abeltzner8t,"zR2'<r""%&Ag8J8\O"
1318,Glory,Ona,9830 Croxteth Rd,Pontefract North Ward,01469-868357,glory_ona@gmail.com,cskelding8u,gQ6+B_vh68x<&}>Z
1319,Tamesha,Tyburski,1054 Gladys St,Bellshill Ward,01954-979729,tamesha.tyburski@gmail.com,nfilyukov8v,gS9$QL).n$.%9
1320,Brande,Cutlip,921 Douro St #1520,Rhoose Community,01947-472569,bcutlip@yahoo.com,bbartocci8w,kC4\A.f<HL)qr3B?
1321,Olene,Skubis,180 Frodsham St,Grovehill Ward,01250-453315,olene_skubis@yahoo.com,pkubicki8x,gP8/~In/jWxt$.
1322,Carey,Marchetta,7217 Edge Grove,Sharston Ward,01750-379103,cmarchetta@hotmail.com,bottosen8y,"uE8""H4((~IYvLqL"""
1323,Launa,Torez,12 Gelling St,Trossachs and Teith Ward,01670-547878,launa.torez@yahoo.com,pbeals8z,hT3>#Y.V&
1324,Dominga,Whitrock,763 Roscoe St,Lobley Hill and Bensham Ward,01341-700830,dominga@whitrock.co.uk,dhannabus90,vW5\/k244E?Nt
1325,Dwight,Belyea,419 St Andrew St,Tibberton,01822-404490,dbelyea@belyea.co.uk,weustice91,lI9@NYAt$@hfu_vY
1326,Cornell,Mccrossin,623 Cornhill,Stretton,01608-748971,cornell.mccrossin@mccrossin.co.uk,wosgodby92,vV3)U0ijtS%
1327,Alverta,Topete,328 Havelock St #61,Addlestone Bourneside Ward,01685-141932,alverta.topete@gmail.com,vblair93,qZ7)o@<d/gOlb6
1328,Felicia,Claybrooks,1056 College St South,Chester-le-Street North and Ea,01722-395799,felicia@claybrooks.co.uk,ssandon94,eR3'kX&=9JS
1329,Carmen,Gillham,11 Denison St #7,Orford Ward,01692-491267,carmen@hotmail.com,tblackman95,qZ5#2n1mJhvd
1330,Ashlee,Beyl,30 Daulby St,Brympton,01832-837946,ashlee.beyl@hotmail.com,fwynrehame96,gK9#Dddr6RH@c
1331,Vannessa,Land,201 Bran St,Ashford Common Ward,01206-207771,vannessa.land@yahoo.com,lhaily97,xW6/!BoBmRpSj
1332,Patti,Rempel,1346 Vandyke St,Hove Park Ward,01539-157435,patti@rempel.co.uk,aantoshin98,tA4`U*e&#{t_5CJ?
1333,German,Meyerhoff,883 Howe St,Clayton-le-Moors Ward,01790-887225,german@meyerhoff.co.uk,wtrumper99,hD2~TH%PE=?MV
1334,Anika,Marse,231 Wordsworth St,Harrow Weald Ward,01942-654793,anika@marse.co.uk,tledekker9a,aD1')YRL}Np_=
1335,Cristina,Marola,2449 Amberly St #6364,Temple Newsam Ward,01264-145506,cmarola@gmail.com,lwhitcombe9b,"qP0&f1&o""oa"
1336,Lemuel,Allis,8430 Shadwell St,Great Barr with Yew Tree Ward,01580-252868,lemuel_allis@yahoo.com,mduplain9c,eS2$K0{{@TZAYo
1337,Joaquin,Hysom,115 Lister Rd,Barnfield Ward,01616-548910,jhysom@gmail.com,gniece9d,yJ4_Q/2a{Me1\3s
1338,Kerrie,Makuch,7855 Sir Thomas St #7499,Calstock,01854-749084,kmakuch@gmail.com,abeesley9e,bX5<hnd&
1339,Alaine,Raterman,1 Milton St,Little Missenden,01927-151413,alaine@hotmail.com,estepney9f,yV1\<?wXnT/nYe29
1340,Shannon,Kobayashi,1111 Nesfield St,Tonge with the Haulgh Ward,01620-435994,shannon@yahoo.com,mpepis9g,eF8_y$D5
1341,Corinne,Holman,1831 Richards St #8,Berkhamsted,01933-753592,corinne@holman.co.uk,hgundry9h,"hH0+!(HFL""S"
1342,Heidy,Hallford,8054 Low Hill,Prestbury,01958-748582,hhallford@hotmail.com,bconyer9i,"lG5<<""w2am$FR{,d"
1343,Marylyn,Shonerd,7252 Dansie St,East Finchley Ward,01721-694690,marylyn_shonerd@yahoo.com,akobu9j,lB5.Hb3}oTJ4lj
1344,Maryln,Mortenson,76 Paulton St,Lancaster Gate Ward,01618-628525,maryln@gmail.com,jhoyle9k,uL1~k.d3|`69
1345,Pearlie,Flori,4 Cochrane St,Iwade,01235-935599,pearlie_flori@gmail.com,ldugue9l,"wK9+KPfkq?X,"
1346,Nina,Yaklin,5679 Gloucester Pl,Calton Ward,01434-621318,nyaklin@hotmail.com,cdawbury9m,yN9\`*C7
1347,Vivienne,Torrain,45 Ledward St,Wilsden,01782-100832,vivienne@hotmail.com,kconniam9n,yQ7{3V(_
1348,Jacob,Kippel,4 Monmouth Rd,Llwyn-y-Pia Community,01550-463222,jacob.kippel@yahoo.com,cprayer9o,"aG6+%1ge""IK3"
1349,Tula,Nahmias,64 Croyland St,Clackmannanshire South Ward,01846-815511,tnahmias@nahmias.co.uk,kseares9p,qP3*nG_E%Y
1350,Berry,Scandalis,4 Vivian St,Corporation Park Ward,01379-603039,berry.scandalis@gmail.com,gfeatonby9q,mJ2=C.@31B&N
1351,Kaycee,Carsten,35 Dublin St,Cirencester,01270-893129,kaycee.carsten@gmail.com,zmattecot9r,"wU3,mD4TT7l."
1352,Melvin,Setter,87 Pickup St,Franche Ward,01401-151569,melvin_setter@setter.co.uk,odecleyne9s,eY9~rWcw}eLa{}
1353,Brianne,Matsumura,7 Cottenham St,Mossend and Holytown Ward,01519-417660,brianne@matsumura.co.uk,jnewbery9t,gB1@9'(3g
1354,Eugene,Pelzer,622 Holmes St,Heath Town Ward,01839-920108,eugene_pelzer@gmail.com,otejero9u,dI7~~S_~KT
1355,Margery,Rohrs,40 Peters Lane,Long Preston,01634-340524,margery@hotmail.com,plewcock9v,yR2?Uj<{@n4x
1356,Noel,Sarra,2 Cockburn St,Seaham,01868-736780,nsarra@gmail.com,bdaymont9w,hO4!++B=7j
1357,Beula,Lingo,65 Oban Rd,St. Austell,01322-144392,beula_lingo@yahoo.com,wmassinger9x,aF0`jC3)
1358,Sheridan,Mckenize,31 Davy St,Aveton Gifford,01512-765064,sheridan.mckenize@hotmail.com,ljagson9y,"eP2|ky6Qb\h!"""
1359,Dino,Meinert,80 Ellerslie Rd,Trotton with Chithurst,01802-634391,dino.meinert@yahoo.com,bhanhardt9z,uY4`\WG<%i
1360,Rebbeca,Rubinstein,4 Sherwood St,Speke-Garston Ward,01708-724957,rebbeca_rubinstein@hotmail.com,msenussia0,"cC1=bW""M"
1361,Celia,Reisling,8362 Whithorn St,Leatherhead South Ward,01309-159593,celia.reisling@hotmail.com,abunchera1,aG1=iL{<9{v%ZH
1362,Stefania,Weatherwax,25 Dale St #2,Kirkintilloch East and Twechar,01698-705920,sweatherwax@yahoo.com,mivetta2,cH6#\%*uZa
1363,Leah,Luchterhand,68 Scotland Place,Loughborough Hastings Ward,01777-851028,leah@hotmail.com,nmansela3,gH5@nW+b
1364,Billy,Selma,338 Alfonso Rd,Alphington Ward,01270-345115,billy.selma@yahoo.com,fpenniella4,sU7~uFi$
1365,Doug,Lucore,65 Rankin St,Woodford cum Membris,01943-467489,dlucore@yahoo.com,astricklanda5,pV6@f{Zd($S
1366,Veronica,Mcclodden,8 Cookson St,Temple Newsam Ward,01456-906658,veronica@hotmail.com,adavidescoa6,bJ7+3S5\OxSI
1367,Laquanda,Kho,7 Lockhart St,Billesley Ward,01725-370369,laquanda.kho@yahoo.com,nfirmagea7,"iA4|3#v?0zsx*OK,"
1368,Mohammad,Poitra,363 Vandries St,Milton Ward,01705-240007,mpoitra@yahoo.com,cbisterfelda8,uG3|4s2~=
1369,Mozell,Westad,8 Gertrude St,Mossley,01348-989703,mozell.westad@westad.co.uk,igregorina9,dD9.5nyV8T@<nD
1370,Bronwyn,Bridgford,826 Rumney Rd West #7,Dingwall and Seaforth Ward,01407-312329,bronwyn.bridgford@yahoo.com,cbozieraa,eR3#6SYY>r?y/
1371,Jeff,Brossoit,954 Madelaine St,Central Ward,01593-501965,jeff.brossoit@yahoo.com,bidneyab,aX4~mIJNgJJ!O`7
1372,Shantay,Hopman,7602 Brook St #86,Broomhill Ward,01516-850881,shopman@hopman.co.uk,pbourgaizeac,yN4\q43LA
1373,Chantay,Jirsa,966 Bower St,Frimley Green Ward,01721-910475,chantay_jirsa@jirsa.co.uk,wflavellead,vE5(!V|9\ebXN
1374,Keneth,Stpierrie,2 Seacombe St,Littleborough Lakeside Ward,01919-731224,keneth_stpierrie@hotmail.com,ctorbetae,"cV9,.Ixz5HHlEr<"
1375,Alton,Rampy,83 Battenburg St,Girvan and South Carrick Ward,01767-568989,alton_rampy@gmail.com,zpepiaf,"zV8}\)\,A"
1376,Patrick,Teisberg,2 Whitefield Rd,Leigh-on-Sea,01842-131065,patrick@hotmail.com,gkrzysztofiakag,vM8%t9f?m\
1377,Theron,Merriam,869 Luke St,Wonersh,01655-809574,theron@merriam.co.uk,gkorneichikah,uE1(%ug.t|R3n
1378,Pilar,Seelig,4 Ogwen St,Chichester,01356-866584,pilar@yahoo.com,wchattellai,wR8.FF.xh
1379,Lashunda,Argiro,205 Forge St #4021,Stainburn,01422-728149,lashunda@yahoo.com,rphareaj,"bV6""OCd{\z)7Relj"
1380,Verda,Chiphe,999 Upper Harrington St #61,Earlestown Ward,01754-426672,vchiphe@chiphe.co.uk,cadnamsak,bT0}@'Z.~s0
1381,Ashley,Tropp,3 Greenleaf St #5644,Blyth,01951-324927,ashley.tropp@gmail.com,ejakuszewskial,mR1_)=?st@{K
1382,Vesta,Havely,493 Wellington Rd,Upper Rawcliffe-with-Tarnacre,01772-461124,vhavely@havely.co.uk,nkortam,vG1@n\`#2wg7AU0H
1383,Emogene,Ritthaler,1257 Stone St,Northwood Ward,01681-212638,emogene.ritthaler@yahoo.com,gleavesan,gB8)Ms!k8ei`/'e2
1384,Shayne,Mordhorst,1 Bousfield St,Shrewsbury,01286-279043,smordhorst@mordhorst.co.uk,efidilisao,mO9/N*qT=az\4c#z
1385,Franchesca,Charry,59 Westminster Rd,Empress Ward,01748-827176,franchesca@gmail.com,gshimminap,fP6(AWo1NVK%
1386,Elmira,Ringlein,143 Clark St #802,Halliwell Ward,01934-672498,eringlein@gmail.com,candrivotaq,qN7*Mu~BS
1387,Destiny,Madlem,421 Monument Place #44,Hartburn Ward,01421-624966,destiny@yahoo.com,tkleinsteinar,cS5(em{@Kz
1388,Gaston,Szumski,8 Gullett St,West Garioch Ward,01651-911453,gaston.szumski@hotmail.com,dmccaughenas,pL4\|lF`X&2k}P
1389,Ronna,Mittler,2767 Pembroke St #979,Roundway,01214-651738,ronna_mittler@hotmail.com,achaslesat,zD1}_H9/
1390,Angelica,Poisso,47 Orry St #8243,Castleford Central and Glassho,01472-449327,apoisso@gmail.com,gstobieau,"tW7|M4Ndn""\i&f"
1391,Casie,Arzilli,5 Noon St,Melton Dorian Ward,01289-195823,casie@gmail.com,dsandisonav,dW2~4jz4=`7yx
1392,Magdalene,Cocherell,510 Belvidere Rd,Patching Hall Ward,01546-162965,magdalene_cocherell@yahoo.com,mpatiseaw,lH8'~=Ia~EGXM\oi
1393,Erasmo,Gath,860 Rokeby St,Sunningdale,01445-796544,egath@hotmail.com,rmallisonax,lM8<pwc5()2
1394,Rosalia,Ziv,9362 Solomon St #97,Castle Ward,01414-349699,rosalia.ziv@ziv.co.uk,dnewtonay,pM9?57_C1hJ1ya
1395,Lyda,Cronholm,916 Strand St #4753,Leek,01672-538356,lyda.cronholm@cronholm.co.uk,sgedgeaz,"fL2/,U|0<>?yg\P"
1396,Lisandra,Stueber,5 Bentinck St,Churchill Ward,01831-806301,lisandra_stueber@hotmail.com,icrichtonb0,zD0&Op&dCL54J\hH
1397,Sabina,Prok,954 Birchdale Rd,Aspley Ward,01932-112259,sabina.prok@prok.co.uk,parnollb1,eU7}?(tmH'=~kbt{
1398,Elenore,Gomoran,7 Great Orford St,Callington,01470-383444,elenore_gomoran@yahoo.com,agoulstoneb2,lF1{3sp9)NQs
1399,Brynn,Capra,488 Mulberry St,Ravenshead,01963-124789,brynn_capra@yahoo.com,mduthieb3,xV7$+KDBT4sp
1400,Leeann,Flory,1761 Johnstone St,Church Langley Ward,01906-807997,leeann@gmail.com,kwoollcottb4,"nF3""J.I_2rpo"
1401,Janet,Steimer,8899 Mere Lane,Midlothian West Ward,01506-627051,janet_steimer@hotmail.com,pconstanceb5,jZ4$~aw16
1402,Lewis,Mellom,6 St Hilda St,Central Ward,01954-643657,lewis@yahoo.com,gravenscrofttb6,pH4=gQ/_
1403,Jestine,Driscol,2725 Underley St #6452,Grangemouth Ward,01257-928278,jestine_driscol@driscol.co.uk,mmatejkab7,tL3#g'qwDcJLoz
1404,Tatum,Parks,6061 Back Nile St,Rhos-on-Sea Community,01567-457572,tparks@parks.co.uk,agimblettb8,nO9|JWJI
1405,Kayleigh,Bendle,9735 Linton St #2284,Kingswells,01312-772111,kayleigh.bendle@bendle.co.uk,etellessonb9,"pM8`M8oJ""5"
1406,Lili,Imondi,9 Herbert St,Blyth,01600-986258,lili_imondi@hotmail.com,gclaisseba,dZ6)i1.M
1407,Sunshine,Senechal,40 Cairo St,Warwick,01416-686933,sunshine.senechal@hotmail.com,thavilebb,iM3/KOq/yk
1408,Remona,Heier,7199 St Clare Rd,Inverclyde South Ward,01718-274321,remona.heier@heier.co.uk,mskillettbc,dN5)J#u).QpSo
1409,Gail,Carris,6 Conyers St #3346,Hamilton South Ward,01292-196869,gcarris@hotmail.com,zwaddamsbd,rM9=W0\C
1410,Dong,Oropeza,8657 Cedar St #2,Kinross-shire Ward,01573-788734,doropeza@hotmail.com,vthirstbe,sU2=.EqXIwoS+_r
1411,Larue,Ocacio,8 Jacob St,Daybrook Ward,01577-443040,larue@yahoo.com,mburgwinbf,"jW3""yVSCR"
1412,Goldie,Sonkens,6174 Botanic Pl,Ravensthorpe Ward,01867-720033,gsonkens@sonkens.co.uk,chearmonbg,wR2*sO9fq
1413,Shelia,Plues,9730 Dunnet St,Silloth-on-Solway,01818-260618,shelia@gmail.com,tgurnaybh,tO5.5Z!hV~XOA8
1414,Narcisa,Araiza,8783 High St,Milton,01724-644767,naraiza@hotmail.com,thugonnetbi,eU0+KO.&|#
1415,Evelynn,Frede,8 Breckfield Road North,Seaham,01289-621482,evelynn.frede@gmail.com,rverdeybj,"tO5""8)!eAY""A"
1416,Arlean,Calaf,82 Waterhouse Lane,Llantrisant Community,01448-395723,acalaf@yahoo.com,criseambk,"cT5""k?/e9EdlW"
1417,Tamra,Yu,2 Park Rd Walton #4338,Lansdown Ward,01891-816938,tamra.yu@hotmail.com,dpeddarbl,aC1=ZA'M/
1418,Dusti,Maricle,59 Charles St,Victoria Ward,01642-202972,dusti@gmail.com,bgiorgionibm,dA9.d5Gy$
1419,Aracelis,Donham,593 Kinglake St,Fowlmere,01924-111018,aracelis.donham@hotmail.com,vruxtonbn,"tN5~&""NFxu"
1420,Filiberto,Fredrikson,404 Aigburth St #4246,Audley Ward,01559-323337,filiberto_fredrikson@gmail.com,rtapporbo,"hG4|%y'Z""vQ"
1421,Leana,Stackpole,690 Copenhagen Rd,Warham,01248-325090,lstackpole@yahoo.com,bcasarinobp,rB9&2lg#M|%0qEHN
1422,Man,Homer,7 Canton St,Mildmay Ward,01590-219449,man.homer@gmail.com,xaizikovitzbq,kO5&VTUXQ
1423,Lennie,Asley,79 Pine St,Radcliffe West Ward,01585-487560,lennie_asley@gmail.com,lrechertbr,vV9*L})5.QgvK.
1424,Arletta,Naomi,9 Lodwick St,City and Hunslet Ward,01255-805722,arletta_naomi@naomi.co.uk,dresunbs,iZ8{kH3j
1425,Chana,Perera,9 Ogwen St,Murdostoun Ward,01477-796750,chana.perera@hotmail.com,fmclemanbt,vJ4{.$Rr
1426,Nell,Pao,1730 Seymour St,Eastbrook Ward,01308-582144,npao@gmail.com,sillesbu,"wP3%*.zazmP&VY"""
1427,Antonio,Heilig,35 Elton St #3,Ipplepen,01324-171614,antonio.heilig@gmail.com,vmaccallumbv,"rY2&'""|8m,"
1428,Gerald,Kernagis,8 Hinton St #8241,Stowting,01504-620944,gerald_kernagis@kernagis.co.uk,vhowisonbw,tD5`#VSgkYS
1429,Sueann,Mandril,751 Stamford St,Werrington,01886-226100,smandril@hotmail.com,elemarbx,dJ9}RkQpVR1Clw=
1430,Alayna,Hoyal,70 Royal St,Banchory and Mid Deeside Ward,01964-720542,alayna_hoyal@hotmail.com,acurnnokby,dL8#1R*!R
1431,Talia,Marthe,5 Minerva St,Westbury,01711-170147,talia.marthe@gmail.com,fgivesbz,sN7}+l=FU~
1432,Pansy,Kopan,1 Northampton St,Madeley,01674-842315,pansy@kopan.co.uk,wkitchingmanc0,oY8}?xg}L(.0TW
1433,Royce,Saik,2 Maple Grove,Kincorth,01972-770618,royce@hotmail.com,otredgoldc1,hK2<=N3@{q
1434,Cherelle,Sorrel,794 Hook St,Benwell and Scotswood Ward,01753-327307,cherelle_sorrel@gmail.com,ayouingsc2,dY3{DnppcIk*NkO
1435,Dudley,Dibartolo,91 Ludlow St,Woodhouse Ward,01997-409950,dudley_dibartolo@yahoo.com,hharbronc3,uS8<3MO/t
1436,Nettie,Aldaco,51 Freehold St #224,Wheatley Ward,01388-974910,nettie.aldaco@yahoo.com,jmulderrigc4,"gD1',Tava(}l"
1437,Carline,Bulcao,7 Hey Green Rd #4,Rothwell Ward,01885-707109,carline@yahoo.com,rarmittc5,fE7>K'1`5yv
1438,Shanda,Lunger,2476 Marsh St,Markhouse Ward,01329-303595,slunger@gmail.com,sarnouldc6,mD3?UQqRtFp`oi+R
1439,Emilio,Withers,597 Threlfall St #72,Stokenham,01523-697097,emilio_withers@yahoo.com,fcaygillc7,gS4|U&o>hUcT?
1440,Lovetta,Study,1 Jervis St,High Barnet Ward,01593-438141,lovetta@study.co.uk,mbrignellc8,"yX8!,$`P"
1441,Felice,Gone,7602 Grantham St,Hexham,01691-816025,felice.gone@hotmail.com,gjepensenc9,"kC5'Z""%hCK20}Hj"
1442,Stefania,Leadbeater,10 Carisbrooke St,Shorne,01706-546951,stefania_leadbeater@hotmail.com,gjacobsca,rM6)m$3Ft
1443,Margarita,Orloski,78 Pine Grove,Stannington Ward,01215-422453,margarita_orloski@yahoo.com,vgarrettscb,tI9.<X2la%\8f
1444,Paul,Farrin,7 Varthen St,Town Ward,01407-775572,paul.farrin@farrin.co.uk,bdenercc,aK4(tmD.m#vKc9#
1445,Anglea,Tritten,8 Thomaston St,Astley Bridge Ward,01818-292728,anglea_tritten@hotmail.com,mdecourtneycd,pG9{M++xKsm=
1446,Ona,Bowhall,527 Harding St,Market Rasen,01467-554624,ona@yahoo.com,dwhellamsce,dR5||yl/c8V%'GcM
1447,Germaine,Hascall,1616 Menzies St #453,Tadworth and Walton Ward,01366-388506,ghascall@hotmail.com,abirdwhistellcf,fI1@FqeL
1448,Vicky,Schellenberge,3922 Leda St,Moreton Morrell,01625-805645,vschellenberge@hotmail.com,sjonkcg,mG1?m/2'S(
1449,Carolann,Gross,6352 Grosvenor St,Wombourne,01470-609953,carolann@gross.co.uk,nsawdaych,bF9||N304.NIvEVZ
1450,Rusty,Adelsperger,4313 Princes Park Terrace,Launceston,01467-172590,rusty.adelsperger@yahoo.com,jcainesci,lK0!=c88u0~|lG
1451,Cassandra,Bludworth,9 Sydney Place,Henllan Community,01903-614855,cbludworth@yahoo.com,fcarnsoncj,"mV7>>l_!gWR""P"
1452,Teresita,Gesell,2015 Suburban Rd,Springfield Ward,01914-501391,teresita_gesell@hotmail.com,scohnck,fQ4=GIKm1pZ
1453,Evangelina,Gius,769 Euston St,Glastonbury,01563-997671,evangelina.gius@yahoo.com,kshirecl,"bN8|M*,7IxU"
1454,Marlon,Tromblay,46 Stevenson St,West End Ward,01919-394681,mtromblay@yahoo.com,ifontecm,oV6@nMrt7
1455,Quiana,Scarsella,1400 Ash St,Thorpe Hamlet Ward,01446-936944,quiana_scarsella@hotmail.com,iedmonstonecn,lI2|dip#f8J//q
1456,Viki,Humeniuk,8822 Trafalgar St,Yalding,01721-747819,vhumeniuk@gmail.com,ebritoco,aL7#TpE9
1457,Domitila,Weissmann,28 Berwick St,Moordown Ward,01606-833878,domitila@gmail.com,zwaberercp,iK1?1zcJ(~2t
1458,Ivan,Aronov,94 Regent St,Over Kellet,01478-392232,ivan@gmail.com,gmcquakercq,aU9%@\!U`$
1459,Anabel,Baldock,30 Marine Parade #1,Staina Ward,01994-675650,anabel_baldock@hotmail.com,gkirszcr,pT6)HU8'&8q
1460,Carlton,Blyler,8 Pim Hill St,Portobello,01437-681317,carlton@blyler.co.uk,chassentcs,jR3*ssVx=>Yhb6
1461,Rashida,Vera,8451 Bengel St,Brixham,01286-317691,rashida@hotmail.com,rcampionct,tD3_$ZN!
1462,Sherron,Knodel,159 Carlton St,Windle Ward,01481-744296,sherron@knodel.co.uk,meulcu,wM9(`7#vZoU?1
1463,Cora,Mossing,38 Raffles St,Newmarket,01285-381062,cora@yahoo.com,pbattercv,xM0>zx!B
1464,Altha,Tischner,650 Goring St,Rainham South Ward,01373-594236,altha@hotmail.com,ajoveycw,kL7_G9{iF+#
1465,Dortha,Yaccarino,6 Chestnut St,Gwersyllt Community,01528-240870,dortha@hotmail.com,brossandercx,"lU9""tSEA}Z\ag<"
1466,Diego,Augle,4 Peover St,Walcot Ward,01275-397587,diego.augle@gmail.com,nolliecy,hO3`$eqH?(4
1467,Peggy,Khov,328 Pallas St,Longford Ward,01619-237602,peggy.khov@gmail.com,bclynecz,eY8$aW?UqO#0C
1468,Walton,Yuki,9 Waltham Rd,Yealmpton,01872-808403,wyuki@gmail.com,ldohrd0,"nN6>tr,lFV"
1469,Vallie,Yafaie,352 Strathmore Rd,Shiphay-with-the-Willows Ward,01251-120872,vyafaie@hotmail.com,nhamblingd1,hJ2{e>x0!5I{ON(!
1470,Tony,Diazdeleon,529 Llanrwst St,Southam,01765-102036,tony@gmail.com,ngutierrezd2,"yF4,65#fyh|P}pPG"
1471,Val,Villot,1980 Tynemouth St,Almond Ward,01375-870188,val@yahoo.com,gasquezd3,kK4$igN<)`pX
1472,Mel,Picciuto,8598 Rumney Rd,Hylands Ward,01885-270480,mel.picciuto@gmail.com,avanced4,"wY3|E*Z&p>UT"""
1473,Isabella,Piatkowski,9283 Ruth St #81,Dormers Wells Ward,01979-186995,isabella_piatkowski@piatkowski.co.uk,nlundied5,wZ7~2aO%lrC5o438
1474,Erasmo,Rhea,5544 Sutherland St,Mortehoe,01507-386397,erasmo_rhea@hotmail.com,dgrundond6,vX6<>W@a{OuQb1e5
1475,Ivory,Lohrenz,9 Jackson St,Parr Ward,01876-642683,ivory@hotmail.com,jashelfordd7,bO9!F8wxT7hc
1476,Nikita,Walka,3612 Bixteth St,Hucknall North Ward,01282-123434,nwalka@hotmail.com,bobriand8,tC9~Ji>cyQ7$S
1477,Aleta,Ligons,4545 Victoria Rd,Kilbirnie and Beith Ward,01952-535977,aleta_ligons@hotmail.com,etowed9,kF9_weOn4<~i@q
1478,Owen,Jentzen,5 Hampden St,Liscard Ward,01467-142439,owen_jentzen@jentzen.co.uk,agamlinda,wI6#4|x?P*j.
1479,Pauline,Fling,6452 Pilgrim St #5,Seven Sisters Ward,01990-476494,pfling@fling.co.uk,jbeedomdb,eT6*&IwNiy
1480,Tijuana,Machalek,1149 Highfield Rd #996,Fareham South Ward,01242-532395,tijuana.machalek@gmail.com,dhainedc,cT8\FnhAGn2b
1481,Ahmad,Alsaqri,21 Pickwick St,Sutton cum Duckmanton,01567-555570,ahmad.alsaqri@yahoo.com,pverchambredd,sE5.OdN`tW>wVK
1482,Jamika,Conoly,19 Soho St,Whitley Ward,01726-595316,jamika_conoly@conoly.co.uk,kliptrodde,"nJ3""FmhI=r"
1483,Derrick,Dolloff,236 Blantyre Rd,Everton Ward,01982-734773,derrick_dolloff@gmail.com,smckerndf,qC5'9.g?}2Jva
1484,Jacquelyne,Reibman,70 Lilly Rd,Shirley Ward,01846-581451,jacquelyne_reibman@yahoo.com,avenediktovdg,"qG7|a5IZ@,p"
1485,Zachary,Freeburger,58 Gloucester Rd,Holbrook,01888-641397,zachary.freeburger@freeburger.co.uk,vrawsendh,"iF4/M=09m#,`hrrW"
1486,Sophia,Gaucher,88 Upper Harrington St,North East Ward,01504-539114,sophia.gaucher@hotmail.com,nwoolcocksdi,gC3`B_c_M_eorG/K
1487,Isabelle,Kono,4920 Fazakerley Rd,Plymstock Dunstone Ward,01552-682601,isabelle.kono@yahoo.com,ebowedj,zI5?DE2VG/O\y!Gj
1488,Ronnie,Brigman,6 Morley St,Batchwood Ward,01943-754681,ronnie@brigman.co.uk,wsyslanddk,sD6~7*v5B>Fu
1489,Krystina,Schlabaugh,7316 Friar St,Salvington Ward,01441-846477,kschlabaugh@schlabaugh.co.uk,kpouredl,"cH0{_h""d{Mg"
1490,Rosita,Ausdemore,8 Heathfield St #657,Hailsham,01273-236188,rausdemore@hotmail.com,phedinghamdm,tP3@C9CJ<o/!
1491,Huey,Stancil,275 Peel Sq,Park Ward,01502-139578,hstancil@hotmail.com,ffrancoisdn,nX4<IAGaFI
1492,Elbert,Fiorino,726 Westmoreland Place,Ballochmyle Ward,01724-467889,elbert@hotmail.com,chachedo,"oV7=!vl_,~~LT"
1493,Pura,Manciel,7 Water St,Priory Heath Ward,01853-412588,pura.manciel@yahoo.com,gpiccarddp,bP7.tWM%
1494,Alesia,Katie,4 Covent Garden,Farnworth Ward,01333-436799,alesia_katie@gmail.com,ipieterdq,"vS9)2s""p"
1495,Avery,Veit,9166 Devon St #905,Knightsbridge and Belgravia Wa,01748-625058,avery@veit.co.uk,slookerdr,kF0+sgqwmyRI~
1496,Reid,Euresti,70 Foster St,Inverness Ness-Side Ward,01916-963261,reuresti@euresti.co.uk,vbroxholmeds,bI6<a{8Lgz
1497,Charlette,Brenning,714 Fonthill Rd,Darton West Ward,01888-152110,cbrenning@brenning.co.uk,fsheriffdt,pO9/1P.<_
1498,Celestina,Keeny,9 Milton St,Consett North ED,01877-379681,celestina_keeny@gmail.com,eloachheaddu,lU1%B+wMG7'B8p
1499,Mi,Richan,6 Norwood Grove,Tanworth-in-Arden,01451-785624,mi@hotmail.com,ghanmerdv,"aD5""MAmE"
1500,James,Butt,6649 N Blue Gum St,New Orleans,504-621-8927,jbutt@gmail.com,,
1501,Josephine,Darakjy,4 B Blue Ridge Blvd,Brighton,810-292-9388,josephine_darakjy@darakjy.org,,
1502,Art,Venere,8 W Cerritos Ave #54,Bridgeport,856-636-8749,art@venere.org,,
1503,Lenna,Paprocki,639 Main St,Anchorage,907-385-4412,lpaprocki@hotmail.com,,
1504,Donette,Foller,34 Center St,Hamilton,513-570-1893,donette.foller@cox.net,,
1505,Simona,Morasca,3 Mcauley Dr,Ashland,419-503-2484,simona@morasca.com,,
1506,Mitsue,Tollner,7 Eads St,Chicago,773-573-6914,mitsue_tollner@yahoo.com,,
1507,Leota,Dilliard,7 W Jackson Blvd,San Jose,408-752-3500,leota@hotmail.com,,
1508,Sage,Wieser,5 Boston Ave #88,Sioux Falls,605-414-2147,sage_wieser@cox.net,,
1509,Kris,Marrier,228 Runamuck Pl #2808,Baltimore,410-655-8723,kris@gmail.com,,
1510,Minna,Amigon,2371 Jerrold Ave,Kulpsville,215-874-1229,minna_amigon@yahoo.com,,
1511,Abel,Maclead,37275 St  Rt 17m M,Middle Island,631-335-3414,amaclead@gmail.com,,
1512,Kiley,Caldarera,25 E 75th St #69,Los Angeles,310-498-5651,kiley.caldarera@aol.com,,
1513,Graciela,Ruta,98 Connecticut Ave Nw,Chagrin Falls,440-780-8425,gruta@cox.net,,
1514,Cammy,Albares,56 E Morehead St,Laredo,956-537-6195,calbares@gmail.com,,
1515,Mattie,Poquette,73 State Road 434 E,Phoenix,602-277-4385,mattie@aol.com,,
1516,Meaghan,Garufi,69734 E Carrillo St,Mc Minnville,931-313-9635,meaghan@hotmail.com,,
1517,Gladys,Rim,322 New Horizon Blvd,Milwaukee,414-661-9598,gladys.rim@rim.org,,
1518,Yuki,Whobrey,1 State Route 27,Taylor,313-288-7937,yuki_whobrey@aol.com,,
1519,Fletcher,Flosi,394 Manchester Blvd,Rockford,815-828-2147,fletcher.flosi@yahoo.com,,
1520,Bette,Nicka,6 S 33rd St,Aston,610-545-3615,bette_nicka@cox.net,,
1521,Veronika,Inouye,6 Greenleaf Ave,San Jose,408-540-1785,vinouye@aol.com,,
1522,Willard,Kolmetz,618 W Yakima Ave,Irving,972-303-9197,willard@hotmail.com,,
1523,Maryann,Royster,74 S Westgate St,Albany,518-966-7987,mroyster@royster.com,,
1524,Alisha,Slusarski,3273 State St,Middlesex,732-658-3154,alisha@slusarski.com,,
1525,Allene,Iturbide,1 Central Ave,Stevens Point,715-662-6764,allene_iturbide@cox.net,,
1526,Chanel,Caudy,86 Nw 66th St #8673,Shawnee,913-388-2079,chanel.caudy@caudy.org,,
1527,Ezekiel,Chui,2 Cedar Ave #84,Easton,410-669-1642,ezekiel@chui.com,,
1528,Willow,Kusko,90991 Thorburn Ave,New York,212-582-4976,wkusko@yahoo.com,,
1529,Bernardo,Figeroa,386 9th Ave N,Conroe,936-336-3951,bfigeroa@aol.com,,
1530,Ammie,Corrio,74874 Atlantic Ave,Columbus,614-801-9788,ammie@corrio.com,,
1531,Francine,Vocelka,366 South Dr,Las Cruces,505-977-3911,francine_vocelka@vocelka.com,,
1532,Ernie,Stenseth,45 E Liberty St,Ridgefield Park,201-709-6245,ernie_stenseth@aol.com,,
1533,Albina,Glick,4 Ralph Ct,Dunellen,732-924-7882,albina@glick.com,,
1534,Alishia,Sergi,2742 Distribution Way,New York,212-860-1579,asergi@gmail.com,,
1535,Solange,Shinko,426 Wolf St,Metairie,504-979-9175,solange@shinko.com,,
1536,Jose,Stockham,128 Bransten Rd,New York,212-675-8570,jose@yahoo.com,,
1537,Rozella,Ostrosky,17 Morena Blvd,Camarillo,805-832-6163,rozella.ostrosky@ostrosky.com,,
1538,Valentine,Gillian,775 W 17th St,San Antonio,210-812-9597,valentine_gillian@gmail.com,,
1539,Kati,Rulapaugh,6980 Dorsett Rd,Abilene,785-463-7829,kati.rulapaugh@hotmail.com,,
1540,Youlanda,Schemmer,2881 Lewis Rd,Prineville,541-548-8197,youlanda@aol.com,,
1541,Dyan,Oldroyd,7219 Woodfield Rd,Overland Park,913-413-4604,doldroyd@aol.com,,
1542,Roxane,Campain,1048 Main St,Fairbanks,907-231-4722,roxane@hotmail.com,,
1543,Lavera,Perin,678 3rd Ave,Miami,305-606-7291,lperin@perin.org,,
1544,Erick,Ferencz,20 S Babcock St,Fairbanks,907-741-1044,erick.ferencz@aol.com,,
1545,Fatima,Saylors,2 Lighthouse Ave,Hopkins,952-768-2416,fsaylors@saylors.org,,
1546,Jina,Briddick,38938 Park Blvd,Boston,617-399-5124,jina_briddick@briddick.com,,
1547,Kanisha,Waycott,5 Tomahawk Dr,Los Angeles,323-453-2780,kanisha_waycott@yahoo.com,,
1548,Emerson,Bowley,762 S Main St,Madison,608-336-7444,emerson.bowley@bowley.org,,
1549,Blair,Malet,209 Decker Dr,Philadelphia,215-907-9111,bmalet@yahoo.com,,
1550,Brock,Bolognia,4486 W O St #1,New York,212-402-9216,bbolognia@yahoo.com,,
1551,Lorrie,Nestle,39 S 7th St,Tullahoma,931-875-6644,lnestle@hotmail.com,,
1552,Sabra,Uyetake,98839 Hawthorne Blvd #6101,Columbia,803-925-5213,sabra@uyetake.org,,
1553,Marjory,Mastella,71 San Mateo Ave,Wayne,610-814-5533,mmastella@mastella.com,,
1554,Karl,Klonowski,76 Brooks St #9,Flemington,908-877-6135,karl_klonowski@yahoo.com,,
1555,Tonette,Wenner,4545 Courthouse Rd,Westbury,516-968-6051,twenner@aol.com,,
1556,Amber,Monarrez,14288 Foster Ave #4121,Jenkintown,215-934-8655,amber_monarrez@monarrez.org,,
1557,Shenika,Seewald,4 Otis St,Van Nuys,818-423-4007,shenika@gmail.com,,
1558,Delmy,Ahle,65895 S 16th St,Providence,401-458-2547,delmy.ahle@hotmail.com,,
1559,Deeanna,Juhas,14302 Pennsylvania Ave,Huntingdon Valley,215-211-9589,deeanna_juhas@gmail.com,,
1560,Blondell,Pugh,201 Hawk Ct,Providence,401-960-8259,bpugh@aol.com,,
1561,Jamal,Vanausdal,53075 Sw 152nd Ter #615,Monroe Township,732-234-1546,jamal@vanausdal.org,,
1562,Cecily,Hollack,59 N Groesbeck Hwy,Austin,512-486-3817,cecily@hollack.org,,
1563,Carmelina,Lindall,2664 Lewis Rd,Littleton,303-724-7371,carmelina_lindall@lindall.com,,
1564,Maurine,Yglesias,59 Shady Ln #53,Milwaukee,414-748-1374,maurine_yglesias@yglesias.com,,
1565,Tawna,Buvens,3305 Nabell Ave #679,New York,212-674-9610,tawna@gmail.com,,
1566,Penney,Weight,18 Fountain St,Anchorage,907-797-9628,penney_weight@aol.com,,
1567,Elly,Morocco,7 W 32nd St,Erie,814-393-5571,elly_morocco@gmail.com,,
1568,Ilene,Eroman,2853 S Central Expy,Glen Burnie,410-914-9018,ilene.eroman@hotmail.com,,
1569,Vallie,Mondella,74 W College St,Boise,208-862-5339,vmondella@mondella.com,,
1570,Kallie,Blackwood,701 S Harrison Rd,San Francisco,415-315-2761,kallie.blackwood@gmail.com,,
1571,Johnetta,Abdallah,1088 Pinehurst St,Chapel Hill,919-225-9345,johnetta_abdallah@aol.com,,
1572,Bobbye,Rhym,30 W 80th St #1995,San Carlos,650-528-5783,brhym@rhym.com,,
1573,Micaela,Rhymes,20932 Hedley St,Concord,925-647-3298,micaela_rhymes@gmail.com,,
1574,Tamar,Hoogland,2737 Pistorio Rd #9230,London,740-343-8575,tamar@hotmail.com,,
1575,Moon,Parlato,74989 Brandon St,Wellsville,585-866-8313,moon@yahoo.com,,
1576,Laurel,Reitler,6 Kains Ave,Baltimore,410-520-4832,laurel_reitler@reitler.com,,
1577,Delisa,Crupi,47565 W Grand Ave,Newark,973-354-2040,delisa.crupi@crupi.com,,
1578,Viva,Toelkes,4284 Dorigo Ln,Chicago,773-446-5569,viva.toelkes@gmail.com,,
1579,Elza,Lipke,6794 Lake Dr E,Newark,973-927-3447,elza@yahoo.com,,
1580,Devorah,Chickering,31 Douglas Blvd #950,Clovis,505-975-8559,devorah@hotmail.com,,
1581,Timothy,Mulqueen,44 W 4th St,Staten Island,718-332-6527,timothy_mulqueen@mulqueen.org,,
1582,Arlette,Honeywell,11279 Loytan St,Jacksonville,904-775-4480,ahoneywell@honeywell.com,,
1583,Dominque,Dickerson,69 Marquette Ave,Hayward,510-993-3758,dominque.dickerson@dickerson.org,,
1584,Lettie,Isenhower,70 W Main St,Beachwood,216-657-7668,lettie_isenhower@yahoo.com,,
1585,Myra,Munns,461 Prospect Pl #316,Euless,817-914-7518,mmunns@cox.net,,
1586,Stephaine,Barfield,47154 Whipple Ave Nw,Gardena,310-774-7643,stephaine@barfield.com,,
1587,Lai,Gato,37 Alabama Ave,Evanston,847-728-7286,lai.gato@gato.org,,
1588,Stephen,Emigh,3777 E Richmond St #900,Akron,330-537-5358,stephen_emigh@hotmail.com,,
1589,Tyra,Shields,3 Fort Worth Ave,Philadelphia,215-255-1641,tshields@gmail.com,,
1590,Tammara,Wardrip,4800 Black Horse Pike,Burlingame,650-803-1936,twardrip@cox.net,,
1591,Cory,Gibes,83649 W Belmont Ave,San Gabriel,626-572-1096,cory.gibes@gmail.com,,
1592,Danica,Bruschke,840 15th Ave,Waco,254-782-8569,danica_bruschke@gmail.com,,
1593,Wilda,Giguere,1747 Calle Amanecer #2,Anchorage,907-870-5536,wilda@cox.net,,
1594,Elvera,Benimadho,99385 Charity St #840,San Jose,408-703-8505,elvera.benimadho@cox.net,,
1595,Carma,Vanheusen,68556 Central Hwy,San Leandro,510-503-7169,carma@cox.net,,
1596,Malinda,Hochard,55 Riverside Ave,Indianapolis,317-722-5066,malinda.hochard@yahoo.com,,
1597,Natalie,Fern,7140 University Ave,Rock Springs,307-704-8713,natalie.fern@hotmail.com,,
1598,Lisha,Centini,64 5th Ave #1153,Mc Lean,703-235-3937,lisha@centini.org,,
1599,Arlene,Klusman,3 Secor Rd,New Orleans,504-710-5840,arlene_klusman@gmail.com,,
1600,Alease,Buemi,4 Webbs Chapel Rd,Boulder,303-301-4946,alease@buemi.com,,
1601,Louisa,Cronauer,524 Louisiana Ave Nw,San Leandro,510-828-7047,louisa@cronauer.com,,
1602,Angella,Cetta,185 Blackstone Bldge,Honolulu,808-892-7943,angella.cetta@hotmail.com,,
1603,Cyndy,Goldammer,170 Wyoming Ave,Burnsville,952-334-9408,cgoldammer@cox.net,,
1604,Rosio,Cork,4 10th St W,High Point,336-243-5659,rosio.cork@gmail.com,,
1605,Celeste,Korando,7 W Pinhook Rd,Lynbrook,516-509-2347,ckorando@hotmail.com,,
1606,Twana,Felger,1 Commerce Way,Portland,503-939-3153,twana.felger@felger.org,,
1607,Estrella,Samu,64 Lakeview Ave,Beloit,608-976-7199,estrella@aol.com,,
1608,Donte,Kines,3 Aspen St,Worcester,508-429-8576,dkines@hotmail.com,,
1609,Tiffiny,Steffensmeier,32860 Sierra Rd,Miami,305-385-9695,tiffiny_steffensmeier@cox.net,,
1610,Edna,Miceli,555 Main St,Erie,814-460-2655,emiceli@miceli.org,,
1611,Sue,Kownacki,2 Se 3rd Ave,Mesquite,972-666-3413,sue@aol.com,,
1612,Jesusa,Shin,2239 Shawnee Mission Pky,Tullahoma,931-273-8709,jshin@shin.com,,
1613,Rolland,Francescon,2726 Charcot Ave,Paterson,973-649-2922,rolland@cox.net,,
1614,Pamella,Schmierer,5161 Dorsett Rd,Homestead,305-420-8970,pamella.schmierer@schmierer.org,,
1615,Glory,Kulzer,55892 Jacksonville Rd,Owings Mills,410-224-9462,gkulzer@kulzer.org,,
1616,Shawna,Palaspas,5 N Cleveland Massillon Rd,Thousand Oaks,805-275-3566,shawna_palaspas@palaspas.org,,
1617,Brandon,Callaro,7 Benton Dr,Honolulu,808-215-6832,brandon_callaro@hotmail.com,,
1618,Scarlet,Cartan,9390 S Howell Ave,Albany,229-735-3378,scarlet.cartan@yahoo.com,,
1619,Oretha,Menter,8 County Center Dr #647,Boston,617-418-5043,oretha_menter@yahoo.com,,
1620,Ty,Smith,4646 Kaahumanu St,Hackensack,201-672-1553,tsmith@aol.com,,
1621,Xuan,Rochin,2 Monroe St,San Mateo,650-933-5072,xuan@gmail.com,,
1622,Lindsey,Dilello,52777 Leaders Heights Rd,Ontario,909-639-9887,lindsey.dilello@hotmail.com,,
1623,Devora,Perez,72868 Blackington Ave,Oakland,510-955-3016,devora_perez@perez.org,,
1624,Herman,Demesa,9 Norristown Rd,Troy,518-497-2940,hdemesa@cox.net,,
1625,Rory,Papasergi,83 County Road 437 #8581,Clarks Summit,570-867-7489,rpapasergi@cox.net,,
1626,Talia,Riopelle,1 N Harlem Ave #9,Orange,973-245-2133,talia_riopelle@aol.com,,
1627,Van,Shire,90131 J St,Pittstown,908-409-2890,van.shire@shire.com,,
1628,Lucina,Lary,8597 W National Ave,Cocoa,321-749-4981,lucina_lary@cox.net,,
1629,Bok,Isaacs,6 Gilson St,Bronx,718-809-3762,bok.isaacs@aol.com,,
1630,Rolande,Spickerman,65 W Maple Ave,Pearl City,808-315-3077,rolande.spickerman@spickerman.com,,
1631,Howard,Paulas,866 34th Ave,Denver,303-623-4241,hpaulas@gmail.com,,
1632,Kimbery,Madarang,798 Lund Farm Way,Rockaway,973-310-1634,kimbery_madarang@cox.net,,
1633,Thurman,Manno,9387 Charcot Ave,Absecon,609-524-3586,thurman.manno@yahoo.com,,
1634,Becky,Mirafuentes,30553 Washington Rd,Plainfield,908-877-8409,becky.mirafuentes@mirafuentes.com,,
1635,Beatriz,Corrington,481 W Lemon St,Middleboro,508-584-4279,beatriz@yahoo.com,,
1636,Marti,Maybury,4 Warehouse Point Rd #7,Chicago,773-775-4522,marti.maybury@yahoo.com,,
1637,Nieves,Gotter,4940 Pulaski Park Dr,Portland,503-527-5274,nieves_gotter@gmail.com,,
1638,Leatha,Hagele,627 Walford Ave,Dallas,214-339-1809,lhagele@cox.net,,
1639,Valentin,Klimek,137 Pioneer Way,Chicago,312-303-5453,vklimek@klimek.org,,
1640,Melissa,Wiklund,61 13 Stoneridge #835,Findlay,419-939-3613,melissa@cox.net,,
1641,Sheridan,Zane,2409 Alabama Rd,Riverside,951-645-3605,sheridan.zane@zane.com,,
1642,Bulah,Padilla,8927 Vandever Ave,Waco,254-463-4368,bulah_padilla@hotmail.com,,
1643,Audra,Kohnert,134 Lewis Rd,Nashville,615-406-7854,audra@kohnert.com,,
1644,Daren,Weirather,9 N College Ave #3,Milwaukee,414-959-2540,dweirather@aol.com,,
1645,Fernanda,Jillson,60480 Old Us Highway 51,Preston,410-387-5260,fjillson@aol.com,,
1646,Gearldine,Gellinger,4 Bloomfield Ave,Irving,972-934-6914,gearldine_gellinger@gellinger.com,,
1647,Chau,Kitzman,429 Tiger Ln,Beverly Hills,310-560-8022,chau@gmail.com,,
1648,Theola,Frey,54169 N Main St,Massapequa,516-948-5768,theola_frey@frey.com,,
1649,Cheryl,Haroldson,92 Main St,Atlantic City,609-518-7697,cheryl@haroldson.org,,
1650,Laticia,Merced,72 Mannix Dr,Cincinnati,513-508-7371,lmerced@gmail.com,,
1651,Carissa,Batman,12270 Caton Center Dr,Eugene,541-326-4074,carissa.batman@yahoo.com,,
1652,Lezlie,Craghead,749 W 18th St #45,Smithfield,919-533-3762,lezlie.craghead@craghead.org,,
1653,Ozell,Shealy,8 Industry Ln,New York,212-332-8435,oshealy@hotmail.com,,
1654,Arminda,Parvis,1 Huntwood Ave,Phoenix,602-906-9419,arminda@parvis.com,,
1655,Reita,Leto,55262 N French Rd,Indianapolis,317-234-1135,reita.leto@gmail.com,,
1656,Yolando,Luczki,422 E 21st St,Syracuse,315-304-4759,yolando@cox.net,,
1657,Lizette,Stem,501 N 19th Ave,Cherry Hill,856-487-5412,lizette.stem@aol.com,,
1658,Gregoria,Pawlowicz,455 N Main Ave,Garden City,516-212-1915,gpawlowicz@yahoo.com,,
1659,Carin,Deleo,1844 Southern Blvd,Little Rock,501-308-1040,cdeleo@deleo.com,,
1660,Chantell,Maynerich,2023 Greg St,Saint Paul,651-591-2583,chantell@yahoo.com,,
1661,Dierdre,Yum,63381 Jenks Ave,Philadelphia,215-325-3042,dyum@yahoo.com,,
1662,Larae,Gudroe,6651 Municipal Rd,Houma,985-890-7262,larae_gudroe@gmail.com,,
1663,Latrice,Tolfree,81 Norris Ave #525,Ronkonkoma,631-957-7624,latrice.tolfree@hotmail.com,,
1664,Kerry,Theodorov,6916 W Main St,Sacramento,916-591-3277,kerry.theodorov@gmail.com,,
1665,Dorthy,Hidvegi,9635 S Main St,Boise,208-649-2373,dhidvegi@yahoo.com,,
1666,Fannie,Lungren,17 Us Highway 111,Round Rock,512-587-5746,fannie.lungren@yahoo.com,,
1667,Evangelina,Radde,992 Civic Center Dr,Philadelphia,215-964-3284,evangelina@aol.com,,
1668,Novella,Degroot,303 N Radcliffe St,Hilo,808-477-4775,novella_degroot@degroot.org,,
1669,Clay,Hoa,73 Saint Ann St #86,Reno,775-501-8109,choa@hoa.org,,
1670,Jennifer,Fallick,44 58th St,Wheeling,847-979-9545,jfallick@yahoo.com,,
1671,Irma,Wolfgramm,9745 W Main St,Randolph,973-545-7355,irma.wolfgramm@hotmail.com,,
1672,Eun,Coody,84 Bloomfield Ave,Spartanburg,864-256-3620,eun@yahoo.com,,
1673,Sylvia,Cousey,287 Youngstown Warren Rd,Hampstead,410-209-9545,sylvia_cousey@cousey.org,,
1674,Nana,Wrinkles,6 Van Buren St,Mount Vernon,914-855-2115,nana@aol.com,,
1675,Layla,Springe,229 N Forty Driv,New York,212-260-3151,layla.springe@cox.net,,
1676,Joesph,Degonia,2887 Knowlton St #5435,Berkeley,510-677-9785,joesph_degonia@degonia.org,,
1677,Annabelle,Boord,523 Marquette Ave,Concord,978-697-6263,annabelle.boord@cox.net,,
1678,Stephaine,Vinning,3717 Hamann Industrial Pky,San Francisco,415-767-6596,stephaine@cox.net,,
1679,Nelida,Sawchuk,3 State Route 35 S,Paramus,201-971-1638,nelida@gmail.com,,
1680,Marguerita,Hiatt,82 N Highway 67,Oakley,925-634-7158,marguerita.hiatt@gmail.com,,
1681,Carmela,Cookey,9 Murfreesboro Rd,Chicago,773-494-4195,ccookey@cookey.org,,
1682,Junita,Brideau,6 S Broadway St,Cedar Grove,973-943-3423,jbrideau@aol.com,,
1683,Claribel,Varriano,6 Harry L Dr #6327,Perrysburg,419-544-4900,claribel_varriano@cox.net,,
1684,Benton,Skursky,47939 Porter Ave,Gardena,310-579-2907,benton.skursky@aol.com,,
1685,Hillary,Skulski,9 Wales Rd Ne #914,Homosassa,352-242-2570,hillary.skulski@aol.com,,
1686,Merilyn,Bayless,195 13n N,Santa Clara,408-758-5015,merilyn_bayless@cox.net,,
1687,Teri,Ennaco,99 Tank Farm Rd,Hazleton,570-889-5187,tennaco@gmail.com,,
1688,Merlyn,Lawler,4671 Alemany Blvd,Jersey City,201-588-7810,merlyn_lawler@hotmail.com,,
1689,Georgene,Montezuma,98 University Dr,San Ramon,925-615-5185,gmontezuma@cox.net,,
1690,Jettie,Mconnell,50 E Wacker Dr,Bridgewater,908-802-3564,jmconnell@hotmail.com,,
1691,Lemuel,Latzke,70 Euclid Ave #722,Bohemia,631-748-6479,lemuel.latzke@gmail.com,,
1692,Melodie,Knipp,326 E Main St #6496,Thousand Oaks,805-690-1682,mknipp@gmail.com,,
1693,Candida,Corbley,406 Main St,Somerville,908-275-8357,candida_corbley@hotmail.com,,
1694,Karan,Karpin,3 Elmwood Dr,Beaverton,503-940-8327,karan_karpin@gmail.com,,
1695,Andra,Scheyer,9 Church St,Salem,503-516-2189,andra@gmail.com,,
1696,Felicidad,Poullion,9939 N 14th St,Riverton,856-305-9731,fpoullion@poullion.com,,
1697,Belen,Strassner,5384 Southwyck Blvd,Douglasville,770-507-8791,belen_strassner@aol.com,,
1698,Gracia,Melnyk,97 Airport Loop Dr,Jacksonville,904-235-3633,gracia@melnyk.com,,
1699,Jolanda,Hanafan,37855 Nolan Rd,Bangor,207-458-9196,jhanafan@gmail.com,,
1700,Barrett,Toyama,4252 N Washington Ave #9,Kennedale,817-765-5781,barrett.toyama@toyama.org,,
1701,Helga,Fredicks,42754 S Ash Ave,Buffalo,716-752-4114,helga_fredicks@yahoo.com,,
1702,Ashlyn,Pinilla,703 Beville Rd,Opa Locka,305-670-9628,apinilla@cox.net,,
1703,Fausto,Agramonte,5 Harrison Rd,New York,212-313-1783,fausto_agramonte@yahoo.com,,
1704,Ronny,Caiafa,73 Southern Blvd,Philadelphia,215-605-7570,ronny.caiafa@caiafa.org,,
1705,Marge,Limmel,189 Village Park Rd,Crestview,850-430-1663,marge@gmail.com,,
1706,Norah,Waymire,6 Middlegate Rd #106,San Francisco,415-306-7897,norah.waymire@gmail.com,,
1707,Aliza,Baltimore,1128 Delaware St,San Jose,408-504-3552,aliza@aol.com,,
1708,Mozell,Pelkowski,577 Parade St,South San Francisco,650-947-1215,mpelkowski@pelkowski.org,,
1709,Viola,Bitsuie,70 Mechanic St,Northridge,818-864-4875,viola@gmail.com,,
1710,Franklyn,Emard,4379 Highway 116,Philadelphia,215-558-8189,femard@emard.com,,
1711,Willodean,Konopacki,55 Hawthorne Blvd,Lafayette,337-253-8384,willodean_konopacki@konopacki.org,,
1712,Beckie,Silvestrini,7116 Western Ave,Dearborn,313-533-4884,beckie.silvestrini@silvestrini.com,,
1713,Rebecka,Gesick,2026 N Plankinton Ave #3,Austin,512-213-8574,rgesick@gesick.org,,
1714,Frederica,Blunk,99586 Main St,Dallas,214-428-2285,frederica_blunk@gmail.com,,
1715,Glen,Bartolet,8739 Hudson St,Vashon,206-697-5796,glen_bartolet@hotmail.com,,
1716,Freeman,Gochal,383 Gunderman Rd #197,Coatesville,610-476-3501,freeman_gochal@aol.com,,
1717,Vincent,Meinerding,4441 Point Term Mkt,Philadelphia,215-372-1718,vincent.meinerding@hotmail.com,,
1718,Rima,Bevelacqua,2972 Lafayette Ave,Gardena,310-858-5079,rima@cox.net,,
1719,Glendora,Sarbacher,2140 Diamond Blvd,Rohnert Park,707-653-8214,gsarbacher@gmail.com,,
1720,Avery,Steier,93 Redmond Rd #492,Orlando,407-808-9439,avery@cox.net,,
1721,Cristy,Lother,3989 Portage Tr,Escondido,760-971-4322,cristy@lother.com,,
1722,Nicolette,Brossart,1 Midway Rd,Westborough,508-837-9230,nicolette_brossart@brossart.com,,
1723,Tracey,Modzelewski,77132 Coon Rapids Blvd Nw,Conroe,936-264-9294,tracey@hotmail.com,,
1724,Virgina,Tegarden,755 Harbor Way,Milwaukee,414-214-8697,virgina_tegarden@tegarden.com,,
1725,Tiera,Frankel,87 Sierra Rd,El Monte,626-636-4117,tfrankel@aol.com,,
1726,Alaine,Bergesen,7667 S Hulen St #42,Yonkers,914-300-9193,alaine_bergesen@cox.net,,
1727,Earleen,Mai,75684 S Withlapopka Dr #32,Dallas,214-289-1973,earleen_mai@cox.net,,
1728,Leonida,Gobern,5 Elmwood Park Blvd,Biloxi,228-235-5615,leonida@gobern.org,,
1729,Ressie,Auffrey,23 Palo Alto Sq,Miami,305-604-8981,ressie.auffrey@yahoo.com,,
1730,Justine,Mugnolo,38062 E Main St,New York,212-304-9225,jmugnolo@yahoo.com,,
1731,Eladia,Saulter,3958 S Dupont Hwy #7,Ramsey,201-474-4924,eladia@saulter.com,,
1732,Chaya,Malvin,560 Civic Center Dr,Ann Arbor,734-928-5182,chaya@malvin.com,,
1733,Gwenn,Suffield,3270 Dequindre Rd,Deer Park,631-258-6558,gwenn_suffield@suffield.org,,
1734,Salena,Karpel,1 Garfield Ave #7,Canton,330-791-8557,skarpel@cox.net,,
1735,Yoko,Fishburne,9122 Carpenter Ave,New Haven,203-506-4706,yoko@fishburne.com,,
1736,Taryn,Moyd,48 Lenox St,Fairfax,703-322-4041,taryn.moyd@hotmail.com,,
1737,Katina,Polidori,5 Little River Tpke,Wilmington,978-626-2978,katina_polidori@aol.com,,
1738,Rickie,Plumer,3 N Groesbeck Hwy,Toledo,419-693-1334,rickie.plumer@aol.com,,
1739,Alex,Loader,37 N Elm St #916,Tacoma,253-660-7821,alex@loader.com,,
1740,Lashon,Vizarro,433 Westminster Blvd #590,Roseville,916-741-7884,lashon@aol.com,,
1741,Lauran,Burnard,66697 Park Pl #3224,Riverton,307-342-7795,lburnard@burnard.com,,
1742,Ceola,Setter,96263 Greenwood Pl,Warren,207-627-7565,ceola.setter@setter.org,,
1743,My,Rantanen,8 Mcarthur Ln,Richboro,215-491-5633,my@hotmail.com,,
1744,Lorrine,Worlds,8 Fair Lawn Ave,Tampa,813-769-2939,lorrine.worlds@worlds.com,,
1745,Peggie,Sturiale,9 N 14th St,El Cajon,619-608-1763,peggie@cox.net,,
1746,Marvel,Raymo,9 Vanowen St,College Station,979-718-8968,mraymo@yahoo.com,,
1747,Daron,Dinos,18 Waterloo Geneva Rd,Highland Park,847-233-3075,daron_dinos@cox.net,,
1748,An,Fritz,506 S Hacienda Dr,Atlantic City,609-228-5265,an_fritz@hotmail.com,,
1749,Portia,Stimmel,3732 Sherman Ave,Bridgewater,908-722-7128,portia.stimmel@aol.com,,
1750,Rhea,Aredondo,25657 Live Oak St,Brooklyn,718-560-9537,rhea_aredondo@cox.net,,
1751,Benedict,Sama,4923 Carey Ave,Saint Louis,314-787-1588,bsama@cox.net,,
1752,Alyce,Arias,3196 S Rider Trl,Stockton,209-317-1801,alyce@arias.org,,
1753,Heike,Berganza,3 Railway Ave #75,Little Falls,973-936-5095,heike@gmail.com,,
1754,Carey,Dopico,87393 E Highland Rd,Indianapolis,317-578-2453,carey_dopico@dopico.org,,
1755,Dottie,Hellickson,67 E Chestnut Hill Rd,Seattle,206-540-6076,dottie@hellickson.org,,
1756,Deandrea,Hughey,33 Lewis Rd #46,Burlington,336-822-7652,deandrea@yahoo.com,,
1757,Kimberlie,Duenas,8100 Jacksonville Rd #7,Hays,785-629-8542,kimberlie_duenas@yahoo.com,,
1758,Martina,Staback,7 W Wabansia Ave #227,Orlando,407-471-6908,martina_staback@staback.com,,
1759,Skye,Fillingim,25 Minters Chapel Rd #9,Minneapolis,612-508-2655,skye_fillingim@yahoo.com,,
1760,Jade,Farrar,6882 Torresdale Ave,Columbia,803-352-5387,jade.farrar@yahoo.com,,
1761,Charlene,Hamilton,985 E 6th Ave,Santa Rosa,707-300-1771,charlene.hamilton@hotmail.com,,
1762,Geoffrey,Acey,7 West Ave #1,Palatine,847-222-1734,geoffrey@gmail.com,,
1763,Stevie,Westerbeck,26659 N 13th St,Costa Mesa,949-867-4077,stevie.westerbeck@yahoo.com,,
1764,Pamella,Fortino,669 Packerland Dr #1438,Denver,303-404-2210,pamella@fortino.com,,
1765,Harrison,Haufler,759 Eldora St,New Haven,203-801-6193,hhaufler@hotmail.com,,
1766,Johnna,Engelberg,5 S Colorado Blvd #449,Bothell,425-986-7573,jengelberg@engelberg.org,,
1767,Buddy,Cloney,944 Gaither Dr,Strongsville,440-989-5826,buddy.cloney@yahoo.com,,
1768,Dalene,Riden,66552 Malone Rd,Plaistow,603-315-6839,dalene.riden@aol.com,,
1769,Jerry,Zurcher,77 Massillon Rd #822,Satellite Beach,321-518-5938,jzurcher@zurcher.org,,
1770,Haydee,Denooyer,25346 New Rd,New York,212-792-8658,hdenooyer@denooyer.org,,
1771,Joseph,Cryer,60 Fillmore Ave,Huntington Beach,714-584-2237,joseph_cryer@cox.net,,
1772,Deonna,Kippley,57 Haven Ave #90,Southfield,248-913-4677,deonna_kippley@hotmail.com,,
1773,Raymon,Calvaresi,6538 E Pomona St #60,Indianapolis,317-825-4724,raymon.calvaresi@gmail.com,,
1774,Alecia,Bubash,6535 Joyce St,Wichita Falls,940-276-7922,alecia@aol.com,,
1775,Ma,Layous,78112 Morris Ave,North Haven,203-721-3388,mlayous@hotmail.com,,
1776,Detra,Coyier,96950 Hidden Ln,Aberdeen,410-739-9277,detra@aol.com,,
1777,Terrilyn,Rodeigues,3718 S Main St,New Orleans,504-463-4384,terrilyn.rodeigues@cox.net,,
1778,Salome,Lacovara,9677 Commerce Dr,Richmond,804-550-5097,slacovara@gmail.com,,
1779,Garry,Keetch,5 Green Pond Rd #4,Southampton,215-979-8776,garry_keetch@hotmail.com,,
1780,Matthew,Neither,636 Commerce Dr #42,Shakopee,952-651-7597,mneither@yahoo.com,,
1781,Theodora,Restrepo,42744 Hamann Industrial Pky #82,Miami,305-936-8226,theodora.restrepo@restrepo.com,,
1782,Noah,Kalafatis,1950 5th Ave,Milwaukee,414-263-5287,noah.kalafatis@aol.com,,
1783,Carmen,Sweigard,61304 N French Rd,Somerset,732-941-2621,csweigard@sweigard.com,,
1784,Lavonda,Hengel,87 Imperial Ct #79,Fargo,701-898-2154,lavonda@cox.net,,
1785,Junita,Stoltzman,94 W Dodge Rd,Carson City,775-638-9963,junita@aol.com,,
1786,Herminia,Nicolozakes,4 58th St #3519,Scottsdale,602-954-5141,herminia@nicolozakes.org,,
1787,Casie,Good,5221 Bear Valley Rd,Nashville,615-390-2251,casie.good@aol.com,,
1788,Reena,Maisto,9648 S Main,Salisbury,410-351-1863,reena@hotmail.com,,
1789,Mirta,Mallett,7 S San Marcos Rd,New York,212-870-1286,mirta_mallett@gmail.com,,
1790,Cathrine,Pontoriero,812 S Haven St,Amarillo,806-703-1435,cathrine.pontoriero@pontoriero.com,,
1791,Filiberto,Tawil,3882 W Congress St #799,Los Angeles,323-765-2528,ftawil@hotmail.com,,
1792,Raul,Upthegrove,4 E Colonial Dr,La Mesa,619-509-5282,rupthegrove@yahoo.com,,
1793,Sarah,Candlish,45 2nd Ave #9759,Atlanta,770-732-1194,sarah.candlish@gmail.com,,
1794,Lucy,Treston,57254 Brickell Ave #372,Worcester,508-769-5250,lucy@cox.net,,
1795,Judy,Aquas,8977 Connecticut Ave Nw #3,Niles,269-756-7222,jaquas@aquas.com,,
1796,Yvonne,Tjepkema,9 Waydell St,Fairfield,973-714-1721,yvonne.tjepkema@hotmail.com,,
1797,Kayleigh,Lace,43 Huey P Long Ave,Lafayette,337-740-9323,kayleigh.lace@yahoo.com,,
1798,Felix,Hirpara,7563 Cornwall Rd #4462,Denver,717-491-5643,felix_hirpara@cox.net,,
1799,Tresa,Sweely,22 Bridle Ln,Valley Park,314-359-9566,tresa_sweely@hotmail.com,,
1800,Kristeen,Turinetti,70099 E North Ave,Arlington,817-213-8851,kristeen@gmail.com,,
1801,Jenelle,Regusters,3211 E Northeast Loop,Tampa,813-932-8715,jregusters@regusters.com,,
1802,Renea,Monterrubio,26 Montgomery St,Atlanta,770-679-4752,renea@hotmail.com,,
1803,Olive,Matuszak,13252 Lighthouse Ave,Cathedral City,760-938-6069,olive@aol.com,,
1804,Ligia,Reiber,206 Main St #2804,Lansing,517-906-1108,lreiber@cox.net,,
1805,Christiane,Eschberger,96541 W Central Blvd,Phoenix,602-390-4944,christiane.eschberger@yahoo.com,,
1806,Goldie,Schirpke,34 Saint George Ave #2,Bangor,207-295-7569,goldie.schirpke@yahoo.com,,
1807,Loreta,Timenez,47857 Coney Island Ave,Clinton,301-696-6420,loreta.timenez@hotmail.com,,
1808,Fabiola,Hauenstein,8573 Lincoln Blvd,York,717-809-3119,fabiola.hauenstein@hauenstein.org,,
1809,Amie,Perigo,596 Santa Maria Ave #7913,Mesquite,972-419-7946,amie.perigo@yahoo.com,,
1810,Raina,Brachle,3829 Ventura Blvd,Butte,406-318-1515,raina.brachle@brachle.org,,
1811,Erinn,Canlas,13 S Hacienda Dr,Livingston,973-767-3008,erinn.canlas@canlas.com,,
1812,Cherry,Lietz,40 9th Ave Sw #91,Waterford,248-980-6904,cherry@lietz.com,,
1813,Kattie,Vonasek,2845 Boulder Crescent St,Cleveland,216-923-3715,kattie@vonasek.org,,
1814,Lilli,Scriven,33 State St,Abilene,325-631-1560,lilli@aol.com,,
1815,Whitley,Tomasulo,2 S 15th St,Fort Worth,817-526-4408,whitley.tomasulo@aol.com,,
1816,Barbra,Adkin,4 Kohler Memorial Dr,Brooklyn,718-201-3751,badkin@hotmail.com,,
1817,Hermila,Thyberg,1 Rancho Del Mar Shopping C,Providence,401-893-4882,hermila_thyberg@hotmail.com,,
1818,Jesusita,Flister,3943 N Highland Ave,Lancaster,717-885-9118,jesusita.flister@hotmail.com,,
1819,Caitlin,Julia,5 Williams St,Johnston,401-948-4982,caitlin.julia@julia.org,,
1820,Roosevelt,Hoffis,60 Old Dover Rd,Hialeah,305-622-4739,roosevelt.hoffis@aol.com,,
1821,Helaine,Halter,8 Sheridan Rd,Jersey City,201-832-4168,hhalter@yahoo.com,,
1822,Lorean,Martabano,85092 Southern Blvd,San Antonio,210-856-4979,lorean.martabano@hotmail.com,,
1823,France,Buzick,64 Newman Springs Rd E,Brooklyn,718-478-8504,france.buzick@yahoo.com,,
1824,Justine,Ferrario,48 Stratford Ave,Pomona,909-993-3242,jferrario@hotmail.com,,
1825,Adelina,Nabours,80 Pittsford Victor Rd #9,Cleveland,216-230-4892,adelina_nabours@gmail.com,,
1826,Derick,Dhamer,87163 N Main Ave,New York,212-304-4515,ddhamer@cox.net,,
1827,Jerry,Dallen,393 Lafayette Ave,Richmond,804-762-9576,jerry.dallen@yahoo.com,,
1828,Leota,Ragel,99 5th Ave #33,Trion,706-221-4243,leota.ragel@gmail.com,,
1829,Jutta,Amyot,49 N Mays St,Broussard,337-515-1438,jamyot@hotmail.com,,
1830,Aja,Gehrett,993 Washington Ave,Nutley,973-544-2677,aja_gehrett@hotmail.com,,
1831,Kirk,Herritt,88 15th Ave Ne,Vestal,607-407-3716,kirk.herritt@aol.com,,
1832,Leonora,Mauson,3381 E 40th Ave,Passaic,973-412-2995,leonora@yahoo.com,,
1833,Winfred,Brucato,201 Ridgewood Rd,Moscow,208-252-4552,winfred_brucato@hotmail.com,,
1834,Tarra,Nachor,39 Moccasin Dr,San Francisco,415-411-1775,tarra.nachor@cox.net,,
1835,Corinne,Loder,4 Carroll St,North Attleboro,508-942-4186,corinne@loder.org,,
1836,Dulce,Labreche,9581 E Arapahoe Rd,Rochester,248-357-8718,dulce_labreche@yahoo.com,,
1837,Kate,Keneipp,33 N Michigan Ave,Green Bay,920-353-6377,kate_keneipp@yahoo.com,,
1838,Kaitlyn,Ogg,2 S Biscayne Blvd,Baltimore,410-665-4903,kaitlyn.ogg@gmail.com,,
1839,Sherita,Saras,8 Us Highway 22,Colorado Springs,719-669-1664,sherita.saras@cox.net,,
1840,Lashawnda,Stuer,7422 Martin Ave #8,Toledo,419-588-8719,lstuer@cox.net,,
1841,Ernest,Syrop,94 Chase Rd,Hyattsville,301-998-9644,ernest@cox.net,,
1842,Nobuko,Halsey,8139 I Hwy 10 #92,New Bedford,508-855-9887,nobuko.halsey@yahoo.com,,
1843,Lavonna,Wolny,5 Cabot Rd,Mc Lean,703-483-1970,lavonna.wolny@hotmail.com,,
1844,Lashaunda,Lizama,3387 Ryan Dr,Hanover,410-678-2473,llizama@cox.net,,
1845,Mariann,Bilden,3125 Packer Ave #9851,Austin,512-223-4791,mariann.bilden@aol.com,,
1846,Helene,Rodenberger,347 Chestnut St,Peoria,623-461-8551,helene@aol.com,,
1847,Roselle,Estell,8116 Mount Vernon Ave,Bucyrus,419-571-5920,roselle.estell@hotmail.com,,
1848,Samira,Heintzman,8772 Old County Rd #5410,Kent,206-311-4137,sheintzman@hotmail.com,,
1849,Margart,Meisel,868 State St #38,Cincinnati,513-617-2362,margart_meisel@yahoo.com,,
1850,Kristofer,Bennick,772 W River Dr,Bloomington,812-368-1511,kristofer.bennick@yahoo.com,,
1851,Weldon,Acuff,73 W Barstow Ave,Arlington Heights,847-353-2156,wacuff@gmail.com,,
1852,Shalon,Shadrick,61047 Mayfield Ave,Brooklyn,718-232-2337,shalon@cox.net,,
1853,Denise,Patak,2139 Santa Rosa Ave,Orlando,407-446-4358,denise@patak.org,,
1854,Louvenia,Beech,598 43rd St,Beverly Hills,310-820-2117,louvenia.beech@beech.com,,
1855,Audry,Yaw,70295 Pioneer Ct,Brandon,813-797-4816,audry.yaw@yaw.org,,
1856,Kristel,Ehmann,92899 Kalakaua Ave,El Paso,915-452-1290,kristel.ehmann@aol.com,,
1857,Vincenza,Zepp,395 S 6th St #2,El Cajon,619-603-5125,vzepp@gmail.com,,
1858,Elouise,Gwalthney,9506 Edgemore Ave,Bladensburg,301-841-5012,egwalthney@yahoo.com,,
1859,Venita,Maillard,72119 S Walker Ave #63,Anaheim,714-523-6653,venita_maillard@gmail.com,,
1860,Kasandra,Semidey,369 Latham St #500,Saint Louis,314-732-9131,kasandra_semidey@semidey.com,,
1861,Xochitl,Discipio,3158 Runamuck Pl,Round Rock,512-233-1831,xdiscipio@gmail.com,,
1862,Maile,Linahan,9 Plainsboro Rd #598,Greensboro,336-670-2640,mlinahan@yahoo.com,,
1863,Krissy,Rauser,8728 S Broad St,Coram,631-443-4710,krauser@cox.net,,
1864,Pete,Dubaldi,2215 Prosperity Dr,Lyndhurst,201-825-2514,pdubaldi@hotmail.com,,
1865,Linn,Paa,1 S Pine St,Memphis,901-412-4381,linn_paa@paa.com,,
1866,Paris,Wide,187 Market St,Atlanta,404-505-4445,paris@hotmail.com,,
1867,Wynell,Dorshorst,94290 S Buchanan St,Pacifica,650-473-1262,wynell_dorshorst@dorshorst.org,,
1868,Quentin,Birkner,7061 N 2nd St,Burnsville,952-702-7993,qbirkner@aol.com,,
1869,Regenia,Kannady,10759 Main St,Scottsdale,480-726-1280,regenia.kannady@cox.net,,
1870,Sheron,Louissant,97 E 3rd St #9,Long Island City,718-976-8610,sheron@aol.com,,
1871,Izetta,Funnell,82 Winsor St #54,Atlanta,770-844-3447,izetta.funnell@hotmail.com,,
1872,Rodolfo,Butzen,41 Steel Ct,Northfield,507-210-3510,rodolfo@hotmail.com,,
1873,Zona,Colla,49440 Dearborn St,Norwalk,203-461-1949,zona@hotmail.com,,
1874,Serina,Zagen,7 S Beverly Dr,Fort Wayne,260-273-3725,szagen@aol.com,,
1875,Paz,Sahagun,919 Wall Blvd,Meridian,601-927-8287,paz_sahagun@cox.net,,
1876,Markus,Lukasik,89 20th St E #779,Sterling Heights,586-970-7380,markus@yahoo.com,,
1877,Jaclyn,Bachman,721 Interstate 45 S,Colorado Springs,719-853-3600,jaclyn@aol.com,,
1878,Cyril,Daufeldt,3 Lawton St,New York,212-745-8484,cyril_daufeldt@daufeldt.com,,
1879,Gayla,Schnitzler,38 Pleasant Hill Rd,Hayward,510-686-3407,gschnitzler@gmail.com,,
1880,Erick,Nievas,45 E Acacia Ct,Chicago,773-704-9903,erick_nievas@aol.com,,
1881,Jennie,Drymon,63728 Poway Rd #1,Scranton,570-218-4831,jennie@cox.net,,
1882,Mitsue,Scipione,77 222 Dr,Oroville,530-986-9272,mscipione@scipione.com,,
1883,Ciara,Ventura,53 W Carey St,Port Jervis,845-823-8877,cventura@yahoo.com,,
1884,Galen,Cantres,617 Nw 36th Ave,Brook Park,216-600-6111,galen@yahoo.com,,
1885,Truman,Feichtner,539 Coldwater Canyon Ave,Bloomfield,973-852-2736,tfeichtner@yahoo.com,,
1886,Gail,Kitty,735 Crawford Dr,Anchorage,907-435-9166,gail@kitty.com,,
1887,Dalene,Schoeneck,910 Rahway Ave,Philadelphia,215-268-1275,dalene@schoeneck.org,,
1888,Gertude,Witten,7 Tarrytown Rd,Cincinnati,513-977-7043,gertude.witten@gmail.com,,
1889,Lizbeth,Kohl,35433 Blake St #588,Gardena,310-699-1222,lizbeth@yahoo.com,,
1890,Glenn,Berray,29 Cherry St #7073,Des Moines,515-370-7348,gberray@gmail.com,,
1891,Lashandra,Klang,810 N La Brea Ave,King of Prussia,610-809-1818,lashandra@yahoo.com,,
1892,Lenna,Newville,987 Main St,Raleigh,919-623-2524,lnewville@newville.com,,
1893,Laurel,Pagliuca,36 Enterprise St Se,Richland,509-695-5199,laurel@yahoo.com,,
1894,Mireya,Frerking,8429 Miller Rd,Pelham,914-868-5965,mireya.frerking@hotmail.com,,
1895,Annelle,Tagala,5 W 7th St,Parkville,410-757-1035,annelle@yahoo.com,,
1896,Dean,Ketelsen,2 Flynn Rd,Hicksville,516-847-4418,dean_ketelsen@gmail.com,,
1897,Levi,Munis,2094 Ne 36th Ave,Worcester,508-456-4907,levi.munis@gmail.com,,
1898,Sylvie,Ryser,649 Tulane Ave,Tulsa,918-644-9555,sylvie@aol.com,,
1899,Sharee,Maile,2094 Montour Blvd,Muskegon,231-467-9978,sharee_maile@aol.com,,
1900,Cordelia,Storment,393 Hammond Dr,Lafayette,337-566-6001,cordelia_storment@aol.com,,
1901,Mollie,Mcdoniel,8590 Lake Lizzie Dr,Bowling Green,419-975-3182,mollie_mcdoniel@yahoo.com,,
1902,Brett,Mccullan,87895 Concord Rd,La Mesa,619-461-9984,brett.mccullan@mccullan.com,,
1903,Teddy,Pedrozo,46314 Route 130,Bridgeport,203-892-3863,teddy_pedrozo@aol.com,,
1904,Tasia,Andreason,4 Cowesett Ave,Kearny,201-920-9002,tasia_andreason@yahoo.com,,
1905,Hubert,Walthall,95 Main Ave #2,Barberton,330-903-1345,hubert@walthall.org,,
1906,Arthur,Farrow,28 S 7th St #2824,Englewood,201-238-5688,arthur.farrow@yahoo.com,,
1907,Vilma,Berlanga,79 S Howell Ave,Grand Rapids,616-737-3085,vberlanga@berlanga.com,,
1908,Billye,Miro,36 Lancaster Dr Se,Pearl,601-567-5386,billye_miro@cox.net,,
1909,Glenna,Slayton,2759 Livingston Ave,Memphis,901-640-9178,glenna_slayton@cox.net,,
1910,Mitzie,Hudnall,17 Jersey Ave,Englewood,303-402-1940,mitzie_hudnall@yahoo.com,,
1911,Bernardine,Rodefer,2 W Grand Ave,Memphis,901-901-4726,bernardine_rodefer@yahoo.com,,
1912,Staci,Schmaltz,18 Coronado Ave #563,Pasadena,626-866-2339,staci_schmaltz@aol.com,,
1913,Nichelle,Meteer,72 Beechwood Ter,Chicago,773-225-9985,nichelle_meteer@meteer.com,,
1914,Janine,Rhoden,92 Broadway,Astoria,718-228-5894,jrhoden@yahoo.com,,
1915,Ettie,Hoopengardner,39 Franklin Ave,Richland,509-755-5393,ettie.hoopengardner@hotmail.com,,
1916,Eden,Jayson,4 Iwaena St,Baltimore,410-890-7866,eden_jayson@yahoo.com,,
1917,Lynelle,Auber,32820 Corkwood Rd,Newark,973-860-8610,lynelle_auber@gmail.com,,
1918,Merissa,Tomblin,34 Raritan Center Pky,Bellflower,562-579-6900,merissa.tomblin@gmail.com,,
1919,Golda,Kaniecki,6201 S Nevada Ave,Toms River,732-628-9909,golda_kaniecki@yahoo.com,,
1920,Catarina,Gleich,78 Maryland Dr #146,Denville,973-210-3994,catarina_gleich@hotmail.com,,
1921,Virgie,Kiel,76598 Rd  I 95 #1,Denver,303-776-7548,vkiel@hotmail.com,,
1922,Jolene,Ostolaza,1610 14th St Nw,Newport News,757-682-7116,jolene@yahoo.com,,
1923,Keneth,Borgman,86350 Roszel Rd,Phoenix,602-919-4211,keneth@yahoo.com,,
1924,Rikki,Nayar,1644 Clove Rd,Miami,305-968-9487,rikki@nayar.com,,
1925,Elke,Sengbusch,9 W Central Ave,Phoenix,602-896-2993,elke_sengbusch@yahoo.com,,
1926,Hoa,Sarao,27846 Lafayette Ave,Oak Hill,386-526-7800,hoa@sarao.org,,
1927,Trinidad,Mcrae,10276 Brooks St,San Francisco,415-331-9634,trinidad_mcrae@yahoo.com,,
1928,Mari,Lueckenbach,1 Century Park E,San Diego,858-793-9684,mari_lueckenbach@yahoo.com,,
1929,Selma,Husser,9 State Highway 57 #22,Jersey City,201-991-8369,selma.husser@cox.net,,
1930,Antione,Onofrio,4 S Washington Ave,San Bernardino,909-430-7765,aonofrio@onofrio.com,,
1931,Luisa,Jurney,25 Se 176th Pl,Cambridge,617-365-2134,ljurney@hotmail.com,,
1932,Clorinda,Heimann,105 Richmond Valley Rd,Escondido,760-291-5497,clorinda.heimann@hotmail.com,,
1933,Dick,Wenzinger,22 Spruce St #595,Gardena,310-510-9713,dick@yahoo.com,,
1934,Ahmed,Angalich,2 W Beverly Blvd,Harrisburg,717-528-8996,ahmed.angalich@angalich.com,,
1935,Iluminada,Ohms,72 Southern Blvd,Mesa,480-293-2882,iluminada.ohms@yahoo.com,,
1936,Joanna,Leinenbach,1 Washington St,Lake Worth,561-470-4574,joanna_leinenbach@hotmail.com,,
1937,Caprice,Suell,90177 N 55th Ave,Nashville,615-246-1824,caprice@aol.com,,
1938,Stephane,Myricks,9 Tower Ave,Burlington,859-717-7638,stephane_myricks@cox.net,,
1939,Quentin,Swayze,278 Bayview Ave,Milan,734-561-6170,quentin_swayze@yahoo.com,,
1940,Annmarie,Castros,80312 W 32nd St,Conroe,936-751-7961,annmarie_castros@gmail.com,,
1941,Shonda,Greenbush,82 Us Highway 46,Clifton,973-482-2430,shonda_greenbush@cox.net,,
1942,Cecil,Lapage,4 Stovall St #72,Union City,201-693-3967,clapage@lapage.com,,
1943,Jeanice,Claucherty,19 Amboy Ave,Miami,305-988-4162,jeanice.claucherty@yahoo.com,,
1944,Josphine,Villanueva,63 Smith Ln #8343,Moss,931-553-9774,josphine_villanueva@villanueva.com,,
1945,Daniel,Perruzza,11360 S Halsted St,Santa Ana,714-771-3880,dperruzza@perruzza.com,,
1946,Cassi,Wildfong,26849 Jefferson Hwy,Rolling Meadows,847-633-3216,cassi.wildfong@aol.com,,
1947,Britt,Galam,2500 Pringle Rd Se #508,Hatfield,215-888-3304,britt@galam.org,,
1948,Adell,Lipkin,65 Mountain View Dr,Whippany,973-654-1561,adell.lipkin@lipkin.com,,
1949,Jacqueline,Rowling,1 N San Saba,Erie,814-865-8113,jacqueline.rowling@yahoo.com,,
1950,Lonny,Weglarz,51120 State Route 18,Salt Lake City,801-293-9853,lonny_weglarz@gmail.com,,
1951,Lonna,Diestel,1482 College Ave,Fayetteville,910-922-3672,lonna_diestel@gmail.com,,
1952,Cristal,Samara,4119 Metropolitan Dr,Los Angeles,213-975-8026,cristal@cox.net,,
1953,Kenneth,Grenet,2167 Sierra Rd,East Lansing,517-499-2322,kenneth.grenet@grenet.org,,
1954,Elli,Mclaird,6 Sunrise Ave,Utica,315-818-2638,emclaird@mclaird.com,,
1955,Alline,Jeanty,55713 Lake City Hwy,South Bend,574-656-2800,ajeanty@gmail.com,,
1956,Sharika,Eanes,75698 N Fiesta Blvd,Orlando,407-312-1691,sharika.eanes@aol.com,,
1957,Nu,Mcnease,88 Sw 28th Ter,Harrison,973-751-9003,nu@gmail.com,,
1958,Daniela,Comnick,7 Flowers Rd #403,Trenton,609-200-8577,dcomnick@cox.net,,
1959,Cecilia,Colaizzo,4 Nw 12th St #3849,Madison,608-382-4541,cecilia_colaizzo@colaizzo.com,,
1960,Leslie,Threets,2 A Kelley Dr,Katonah,914-861-9748,leslie@cox.net,,
1961,Nan,Koppinger,88827 Frankford Ave,Greensboro,336-370-5333,nan@koppinger.com,,
1962,Izetta,Dewar,2 W Scyene Rd #3,Baltimore,410-473-1708,idewar@dewar.com,,
1963,Tegan,Arceo,62260 Park Stre,Monroe Township,732-730-2692,tegan.arceo@arceo.org,,
1964,Ruthann,Keener,3424 29th St Se,Kerrville,830-258-2769,ruthann@hotmail.com,,
1965,Joni,Breland,35 E Main St #43,Elk Grove Village,847-519-5906,joni_breland@cox.net,,
1966,Vi,Rentfro,7163 W Clark Rd,Freehold,732-605-4781,vrentfro@cox.net,,
1967,Colette,Kardas,21575 S Apple Creek Rd,Omaha,402-896-5943,colette.kardas@yahoo.com,,
1968,Malcolm,Tromblay,747 Leonis Blvd,Annandale,703-221-5602,malcolm_tromblay@cox.net,,
1969,Ryan,Harnos,13 Gunnison St,Plano,972-558-1665,ryan@cox.net,,
1970,Jess,Chaffins,18 3rd Ave,New York,212-510-4633,jess.chaffins@chaffins.org,,
1971,Sharen,Bourbon,62 W Austin St,Syosset,516-816-1541,sbourbon@yahoo.com,,
1972,Nickolas,Juvera,177 S Rider Trl #52,Crystal River,352-598-8301,nickolas_juvera@cox.net,,
1973,Gary,Nunlee,2 W Mount Royal Ave,Fortville,317-542-6023,gary_nunlee@nunlee.org,,
1974,Diane,Devreese,1953 Telegraph Rd,Saint Joseph,816-557-9673,diane@cox.net,,
1975,Roslyn,Chavous,63517 Dupont St,Jackson,601-234-9632,roslyn.chavous@chavous.org,,
1976,Glory,Schieler,5 E Truman Rd,Abilene,325-869-2649,glory@yahoo.com,,
1977,Rasheeda,Sayaphon,251 Park Ave #979,Saratoga,408-805-4309,rasheeda@aol.com,,
1978,Alpha,Palaia,43496 Commercial Dr #29,Cherry Hill,856-312-2629,alpha@yahoo.com,,
1979,Refugia,Jacobos,2184 Worth St,Hayward,510-974-8671,refugia.jacobos@jacobos.com,,
1980,Shawnda,Yori,50126 N Plankinton Ave,Longwood,407-538-5106,shawnda.yori@yahoo.com,,
1981,Mona,Delasancha,38773 Gravois Ave,Cheyenne,307-403-1488,mdelasancha@hotmail.com,,
1982,Gilma,Liukko,16452 Greenwich St,Garden City,516-393-9967,gilma_liukko@gmail.com,,
1983,Janey,Gabisi,40 Cambridge Ave,Madison,608-967-7194,jgabisi@hotmail.com,,
1984,Lili,Paskin,20113 4th Ave E,Kearny,201-431-2989,lili.paskin@cox.net,,
1985,Loren,Asar,6 Ridgewood Center Dr,Old Forge,570-648-3035,loren.asar@aol.com,,
1986,Dorothy,Chesterfield,469 Outwater Ln,San Diego,858-617-7834,dorothy@cox.net,,
1987,Gail,Similton,62 Monroe St,Thousand Palms,760-616-5388,gail_similton@similton.com,,
1988,Catalina,Tillotson,3338 A Lockport Pl #6,Margate City,609-373-3332,catalina@hotmail.com,,
1989,Lawrence,Lorens,9 Hwy,Providence,401-465-6432,lawrence.lorens@hotmail.com,,
1990,Carlee,Boulter,8284 Hart St,Abilene,785-347-1805,carlee.boulter@hotmail.com,,
1991,Thaddeus,Ankeny,5 Washington St #1,Roseville,916-920-3571,tankeny@ankeny.org,,
1992,Jovita,Oles,8 S Haven St,Daytona Beach,386-248-4118,joles@gmail.com,,
1993,Alesia,Hixenbaugh,9 Front St,Washington,202-646-7516,alesia_hixenbaugh@hixenbaugh.org,,
1994,Lai,Harabedian,1933 Packer Ave #2,Novato,415-423-3294,lai@gmail.com,,
1995,Brittni,Gillaspie,67 Rv Cent,Boise,208-709-1235,bgillaspie@gillaspie.com,,
1996,Raylene,Kampa,2 Sw Nyberg Rd,Elkhart,574-499-1454,rkampa@kampa.org,,
1997,Flo,Bookamer,89992 E 15th St,Alliance,308-726-2182,flo.bookamer@cox.net,,
1998,Jani,Biddy,61556 W 20th Ave,Seattle,206-711-6498,jbiddy@yahoo.com,,
1999,Chauncey,Motley,63 E Aurora Dr,Orlando,407-413-4842,chauncey_motley@aol.com,,
